split,seed,task_id,method,success,collision,dynamic_violation,goal_error,min_clearance,max_speed,max_accel,path_length,task_energy,support_distance,mode,target_mode,mode_frequency_in_prior,mode_escape,target_support_frequency,failure_label,description,ablation
rare_mode_recovery,0,0,full_energy_guided,0,1,1,0.00301,-0.04163,0.20366,0.15392,2.57648,0.99485,0.04109,lower,upper,0.9500,0,0.0500,collision_shortcut_from_guidance,rare safe upper mode with common lower mode blocked,full_energy_guided
rare_mode_recovery,0,0,no_task_gradient,0,1,0,0.00080,-0.19149,0.12335,0.01383,2.37224,3.42047,0.00401,lower,upper,0.9500,0,0.0500,collision_or_blocked_prior_mode,rare safe upper mode with common lower mode blocked,no_task_gradient
rare_mode_recovery,0,0,rerank_only,1,0,0,0.00192,0.17169,0.13391,0.02066,2.48157,0.45763,0.00422,upper,upper,0.0500,1,0.0500,success,rare safe upper mode with common lower mode blocked,rerank_only
rare_mode_recovery,0,0,no_safety_projection,0,1,1,0.00328,-0.00514,0.22311,0.13506,2.58048,0.76840,0.04803,lower,upper,0.9500,0,0.0500,collision_or_blocked_prior_mode,rare safe upper mode with common lower mode blocked,no_safety_projection
rare_mode_recovery,0,0,strong_projection,1,0,0,0.00361,0.17212,0.13000,0.01742,2.47560,0.45540,0.00432,upper,upper,0.0500,1,0.0500,success,rare safe upper mode with common lower mode blocked,strong_projection
rare_mode_recovery,0,0,no_prior_score,0,1,1,0.00308,-0.04135,0.28504,0.28037,2.36214,2.20074,0.27686,lower,upper,0.9500,0,0.0500,collision_or_blocked_prior_mode,rare safe upper mode with common lower mode blocked,no_prior_score
rare_mode_recovery,0,0,overguidance,0,1,1,0.03005,-0.03247,0.67525,1.22296,4.84192,36.76084,0.09589,lower,upper,0.9500,0,0.0500,collision_or_blocked_prior_mode,rare safe upper mode with common lower mode blocked,overguidance
rare_mode_recovery,0,1,full_energy_guided,1,0,0,0.00356,0.23268,0.12654,0.06149,2.42437,0.54008,0.00803,upper,upper,0.0500,1,0.0500,success,rare safe upper mode with common lower mode blocked,full_energy_guided
rare_mode_recovery,0,1,no_task_gradient,0,1,0,0.00114,-0.28789,0.12970,0.01455,2.43390,6.18129,0.00455,lower,upper,0.9500,0,0.0500,collision_or_blocked_prior_mode,rare safe upper mode with common lower mode blocked,no_task_gradient
rare_mode_recovery,0,1,rerank_only,0,1,0,0.00113,-0.28851,0.12935,0.01632,2.43419,6.19012,0.00464,lower,upper,0.9500,0,0.0500,collision_or_blocked_prior_mode,rare safe upper mode with common lower mode blocked,rerank_only
rare_mode_recovery,0,1,no_safety_projection,0,1,1,0.00363,-0.06183,0.42476,0.33347,2.66277,3.18984,0.06283,lower,upper,0.9500,0,0.0500,collision_or_blocked_prior_mode,rare safe upper mode with common lower mode blocked,no_safety_projection
rare_mode_recovery,0,1,strong_projection,0,0,1,0.00295,0.00993,0.20500,0.13310,2.86934,0.91819,0.09019,lower,upper,0.9500,0,0.0500,dynamic_violation,rare safe upper mode with common lower mode blocked,strong_projection
rare_mode_recovery,0,1,no_prior_score,0,0,1,0.00647,0.01326,0.22849,0.34896,2.71901,2.43974,0.23244,upper,upper,0.0500,1,0.0500,dynamic_violation,rare safe upper mode with common lower mode blocked,no_prior_score
rare_mode_recovery,0,1,overguidance,0,1,1,0.00492,-0.16836,0.58371,1.10711,5.08666,36.24692,0.10234,lower,upper,0.9500,0,0.0500,collision_or_blocked_prior_mode,rare safe upper mode with common lower mode blocked,overguidance
rare_mode_recovery,0,2,full_energy_guided,0,1,1,0.00391,-0.10333,0.35962,0.24612,2.54690,2.52083,0.05210,lower,upper,0.9500,0,0.0500,collision_shortcut_from_guidance,rare safe upper mode with common lower mode blocked,full_energy_guided
rare_mode_recovery,0,2,no_task_gradient,0,1,0,0.00111,-0.26850,0.13277,0.01461,2.46085,5.49885,0.00376,lower,upper,0.9500,0,0.0500,collision_or_blocked_prior_mode,rare safe upper mode with common lower mode blocked,no_task_gradient
rare_mode_recovery,0,2,rerank_only,0,1,0,0.00111,-0.26836,0.13297,0.01217,2.46012,5.49276,0.00392,lower,upper,0.9500,0,0.0500,collision_or_blocked_prior_mode,rare safe upper mode with common lower mode blocked,rerank_only
rare_mode_recovery,0,2,no_safety_projection,0,1,1,0.00359,-0.10175,0.39674,0.25519,2.56699,2.89300,0.05681,lower,upper,0.9500,0,0.0500,collision_or_blocked_prior_mode,rare safe upper mode with common lower mode blocked,no_safety_projection
rare_mode_recovery,0,2,strong_projection,0,0,1,0.00329,0.00779,0.20500,0.15202,2.90783,0.97790,0.10192,lower,upper,0.9500,0,0.0500,dynamic_violation,rare safe upper mode with common lower mode blocked,strong_projection
rare_mode_recovery,0,2,no_prior_score,0,1,1,0.00390,-0.07172,0.28074,0.28561,2.44979,2.45968,0.26161,upper,upper,0.0500,1,0.0500,collision_or_blocked_prior_mode,rare safe upper mode with common lower mode blocked,no_prior_score
rare_mode_recovery,0,2,overguidance,0,1,1,0.00405,-0.09703,0.62968,1.18467,4.85733,37.24769,0.10062,lower,upper,0.9500,0,0.0500,collision_or_blocked_prior_mode,rare safe upper mode with common lower mode blocked,overguidance
rare_mode_recovery,0,3,full_energy_guided,0,1,1,0.00293,-0.05965,0.25310,0.16436,2.63046,1.32976,0.04762,lower,upper,0.9500,0,0.0500,collision_shortcut_from_guidance,rare safe upper mode with common lower mode blocked,full_energy_guided
rare_mode_recovery,0,3,no_task_gradient,1,0,0,0.00289,0.25272,0.13117,0.01978,2.42933,0.44729,0.00373,upper,upper,0.0500,1,0.0500,success,rare safe upper mode with common lower mode blocked,no_task_gradient
rare_mode_recovery,0,3,rerank_only,1,0,0,0.00289,0.25486,0.13129,0.02151,2.43060,0.44706,0.00366,upper,upper,0.0500,1,0.0500,success,rare safe upper mode with common lower mode blocked,rerank_only
rare_mode_recovery,0,3,no_safety_projection,0,1,1,0.00381,-0.02228,0.29428,0.20514,2.65846,1.31219,0.05585,lower,upper,0.9500,0,0.0500,collision_or_blocked_prior_mode,rare safe upper mode with common lower mode blocked,no_safety_projection
rare_mode_recovery,0,3,strong_projection,0,0,1,0.00347,0.01630,0.20500,0.13544,2.72247,0.82277,0.06558,lower,upper,0.9500,0,0.0500,dynamic_violation,rare safe upper mode with common lower mode blocked,strong_projection
rare_mode_recovery,0,3,no_prior_score,0,1,1,0.00380,-0.10567,0.23595,0.28400,2.53125,1.90021,0.27465,upper,upper,0.0500,1,0.0500,collision_or_blocked_prior_mode,rare safe upper mode with common lower mode blocked,no_prior_score
rare_mode_recovery,0,3,overguidance,0,1,1,0.00463,-0.13306,0.60390,1.17923,4.86943,36.37415,0.09913,lower,upper,0.9500,0,0.0500,collision_or_blocked_prior_mode,rare safe upper mode with common lower mode blocked,overguidance
rare_mode_recovery,1,0,full_energy_guided,0,1,1,0.00413,-0.12386,0.30280,0.27226,2.83325,2.76047,0.05701,lower,upper,0.9500,0,0.0500,collision_shortcut_from_guidance,rare safe upper mode with common lower mode blocked,full_energy_guided
rare_mode_recovery,1,0,no_task_gradient,0,1,0,0.00038,-0.29557,0.13437,0.01547,2.43656,6.65183,0.00394,lower,upper,0.9500,0,0.0500,collision_or_blocked_prior_mode,rare safe upper mode with common lower mode blocked,no_task_gradient
rare_mode_recovery,1,0,rerank_only,1,0,0,0.00124,0.22984,0.13114,0.02235,2.40956,0.44481,0.00614,upper,upper,0.0500,1,0.0500,success,rare safe upper mode with common lower mode blocked,rerank_only
rare_mode_recovery,1,0,no_safety_projection,1,0,0,0.00313,0.23156,0.13061,0.02069,2.40282,0.44302,0.00579,upper,upper,0.0500,1,0.0500,success,rare safe upper mode with common lower mode blocked,no_safety_projection
rare_mode_recovery,1,0,strong_projection,0,0,1,0.00279,0.01075,0.20500,0.15440,2.89300,0.94211,0.09815,lower,upper,0.9500,0,0.0500,dynamic_violation,rare safe upper mode with common lower mode blocked,strong_projection
rare_mode_recovery,1,0,no_prior_score,0,1,1,0.00323,-0.13435,0.26526,0.27931,2.53209,2.26797,0.27896,upper,upper,0.0500,1,0.0500,collision_or_blocked_prior_mode,rare safe upper mode with common lower mode blocked,no_prior_score
rare_mode_recovery,1,0,overguidance,0,1,1,0.01059,-0.19446,0.55142,0.90380,5.43009,33.32638,0.10249,lower,upper,0.9500,0,0.0500,collision_or_blocked_prior_mode,rare safe upper mode with common lower mode blocked,overguidance
rare_mode_recovery,1,1,full_energy_guided,1,0,0,0.00471,0.21827,0.12629,0.03889,2.45768,0.48188,0.00663,upper,upper,0.0500,1,0.0500,success,rare safe upper mode with common lower mode blocked,full_energy_guided
rare_mode_recovery,1,1,no_task_gradient,1,0,0,0.00453,0.22541,0.13209,0.02042,2.45881,0.45284,0.00553,upper,upper,0.0500,1,0.0500,success,rare safe upper mode with common lower mode blocked,no_task_gradient
rare_mode_recovery,1,1,rerank_only,1,0,0,0.00454,0.22397,0.13115,0.02028,2.45804,0.45322,0.00556,upper,upper,0.0500,1,0.0500,success,rare safe upper mode with common lower mode blocked,rerank_only
rare_mode_recovery,1,1,no_safety_projection,1,0,0,0.00428,0.22441,0.12791,0.01501,2.45236,0.45134,0.00578,upper,upper,0.0500,1,0.0500,success,rare safe upper mode with common lower mode blocked,no_safety_projection
rare_mode_recovery,1,1,strong_projection,1,0,0,0.00387,0.22427,0.12760,0.01615,2.45223,0.45011,0.00582,upper,upper,0.0500,1,0.0500,success,rare safe upper mode with common lower mode blocked,strong_projection
rare_mode_recovery,1,1,no_prior_score,0,1,1,0.00222,-0.07088,0.28204,0.23860,2.27355,2.04030,0.24934,lower,upper,0.9500,0,0.0500,collision_or_blocked_prior_mode,rare safe upper mode with common lower mode blocked,no_prior_score
rare_mode_recovery,1,1,overguidance,0,1,1,0.00677,-0.15543,0.55195,0.94280,5.47382,32.48261,0.09711,lower,upper,0.9500,0,0.0500,collision_or_blocked_prior_mode,rare safe upper mode with common lower mode blocked,overguidance
rare_mode_recovery,1,2,full_energy_guided,0,1,1,0.00410,-0.06717,0.27368,0.21778,2.69181,1.59375,0.05785,lower,upper,0.9500,0,0.0500,collision_shortcut_from_guidance,rare safe upper mode with common lower mode blocked,full_energy_guided
rare_mode_recovery,1,2,no_task_gradient,0,1,0,0.00086,-0.26495,0.12660,0.01336,2.39825,5.97152,0.00501,lower,upper,0.9500,0,0.0500,collision_or_blocked_prior_mode,rare safe upper mode with common lower mode blocked,no_task_gradient
rare_mode_recovery,1,2,rerank_only,0,1,0,0.00085,-0.26240,0.12803,0.01262,2.39822,5.96778,0.00501,lower,upper,0.9500,0,0.0500,collision_or_blocked_prior_mode,rare safe upper mode with common lower mode blocked,rerank_only
rare_mode_recovery,1,2,no_safety_projection,0,1,1,0.00335,-0.03267,0.29077,0.18383,2.66393,1.32092,0.06347,lower,upper,0.9500,0,0.0500,collision_or_blocked_prior_mode,rare safe upper mode with common lower mode blocked,no_safety_projection
rare_mode_recovery,1,2,strong_projection,1,0,0,0.00319,0.22617,0.12843,0.01361,2.43986,0.44737,0.00613,upper,upper,0.0500,1,0.0500,success,rare safe upper mode with common lower mode blocked,strong_projection
rare_mode_recovery,1,2,no_prior_score,0,0,1,0.00031,0.02332,0.23774,0.30035,2.53236,1.99679,0.16970,upper,upper,0.0500,1,0.0500,dynamic_violation,rare safe upper mode with common lower mode blocked,no_prior_score
rare_mode_recovery,1,2,overguidance,0,1,1,0.00469,-0.15921,0.50436,0.86812,5.40137,30.90511,0.10399,lower,upper,0.9500,0,0.0500,collision_or_blocked_prior_mode,rare safe upper mode with common lower mode blocked,overguidance
rare_mode_recovery,1,3,full_energy_guided,0,1,1,0.00410,-0.04760,0.26326,0.17533,2.62023,1.29613,0.05370,lower,upper,0.9500,0,0.0500,collision_shortcut_from_guidance,rare safe upper mode with common lower mode blocked,full_energy_guided
rare_mode_recovery,1,3,no_task_gradient,0,1,0,0.00086,-0.25062,0.12277,0.01193,2.38960,5.31926,0.00509,lower,upper,0.9500,0,0.0500,collision_or_blocked_prior_mode,rare safe upper mode with common lower mode blocked,no_task_gradient
rare_mode_recovery,1,3,rerank_only,0,1,0,0.00086,-0.25048,0.12351,0.01306,2.38793,5.31085,0.00511,lower,upper,0.9500,0,0.0500,collision_or_blocked_prior_mode,rare safe upper mode with common lower mode blocked,rerank_only
rare_mode_recovery,1,3,no_safety_projection,0,1,1,0.00315,-0.02068,0.28516,0.18521,2.66716,1.20164,0.06284,lower,upper,0.9500,0,0.0500,collision_or_blocked_prior_mode,rare safe upper mode with common lower mode blocked,no_safety_projection
rare_mode_recovery,1,3,strong_projection,0,0,1,0.00363,0.01703,0.20500,0.12423,2.72751,0.81735,0.07272,lower,upper,0.9500,0,0.0500,dynamic_violation,rare safe upper mode with common lower mode blocked,strong_projection
rare_mode_recovery,1,3,no_prior_score,0,1,1,0.00293,-0.01245,0.24314,0.18970,2.62551,1.34218,0.27006,upper,upper,0.0500,1,0.0500,collision_or_blocked_prior_mode,rare safe upper mode with common lower mode blocked,no_prior_score
rare_mode_recovery,1,3,overguidance,0,1,1,0.01635,-0.06648,0.54577,0.97037,5.39646,30.23550,0.10414,lower,upper,0.9500,0,0.0500,collision_or_blocked_prior_mode,rare safe upper mode with common lower mode blocked,overguidance
rare_mode_recovery,2,0,full_energy_guided,0,1,1,0.00343,-0.05703,0.24714,0.16157,2.62095,1.24315,0.04722,lower,upper,0.9500,0,0.0500,collision_shortcut_from_guidance,rare safe upper mode with common lower mode blocked,full_energy_guided
rare_mode_recovery,2,0,no_task_gradient,0,1,0,0.00067,-0.23658,0.12719,0.01330,2.40540,4.52931,0.00422,lower,upper,0.9500,0,0.0500,collision_or_blocked_prior_mode,rare safe upper mode with common lower mode blocked,no_task_gradient
rare_mode_recovery,2,0,rerank_only,1,0,0,0.00573,0.27059,0.12707,0.01709,2.42298,0.44705,0.00523,upper,upper,0.0500,1,0.0500,success,rare safe upper mode with common lower mode blocked,rerank_only
rare_mode_recovery,2,0,no_safety_projection,1,0,0,0.00275,0.27254,0.13036,0.01685,2.42437,0.44487,0.00542,upper,upper,0.0500,1,0.0500,success,rare safe upper mode with common lower mode blocked,no_safety_projection
rare_mode_recovery,2,0,strong_projection,1,0,0,0.00216,0.27431,0.13040,0.01434,2.42491,0.44504,0.00532,upper,upper,0.0500,1,0.0500,success,rare safe upper mode with common lower mode blocked,strong_projection
rare_mode_recovery,2,0,no_prior_score,0,1,1,0.00345,-0.02740,0.24406,0.22723,2.49602,1.73767,0.26526,upper,upper,0.0500,1,0.0500,collision_or_blocked_prior_mode,rare safe upper mode with common lower mode blocked,no_prior_score
rare_mode_recovery,2,0,overguidance,0,1,1,0.00910,-0.12357,0.52816,0.87423,5.52816,31.00340,0.10040,lower,upper,0.9500,0,0.0500,collision_or_blocked_prior_mode,rare safe upper mode with common lower mode blocked,overguidance
rare_mode_recovery,2,1,full_energy_guided,0,1,1,0.00358,-0.12797,0.30423,0.27437,2.73996,2.57037,0.05418,lower,upper,0.9500,0,0.0500,collision_shortcut_from_guidance,rare safe upper mode with common lower mode blocked,full_energy_guided
rare_mode_recovery,2,1,no_task_gradient,1,0,0,0.00314,0.29002,0.12827,0.01654,2.39510,0.44044,0.00346,upper,upper,0.0500,1,0.0500,success,rare safe upper mode with common lower mode blocked,no_task_gradient
rare_mode_recovery,2,1,rerank_only,0,1,0,0.00105,-0.28696,0.13005,0.01289,2.43725,6.11509,0.00470,lower,upper,0.9500,0,0.0500,collision_or_blocked_prior_mode,rare safe upper mode with common lower mode blocked,rerank_only
rare_mode_recovery,2,1,no_safety_projection,0,1,1,0.00353,-0.10663,0.43205,0.29428,2.56226,3.51323,0.05989,lower,upper,0.9500,0,0.0500,collision_or_blocked_prior_mode,rare safe upper mode with common lower mode blocked,no_safety_projection
rare_mode_recovery,2,1,strong_projection,1,0,0,0.00297,0.28888,0.12764,0.01336,2.38999,0.43778,0.00356,upper,upper,0.0500,1,0.0500,success,rare safe upper mode with common lower mode blocked,strong_projection
rare_mode_recovery,2,1,no_prior_score,0,1,1,0.01433,-0.03940,0.25741,0.24612,2.58567,2.23597,0.27346,upper,upper,0.0500,1,0.0500,collision_or_blocked_prior_mode,rare safe upper mode with common lower mode blocked,no_prior_score
rare_mode_recovery,2,1,overguidance,0,1,1,0.00480,-0.27711,0.59617,1.04868,4.95527,36.63020,0.09850,lower,upper,0.9500,0,0.0500,collision_or_blocked_prior_mode,rare safe upper mode with common lower mode blocked,overguidance
rare_mode_recovery,2,2,full_energy_guided,1,0,0,0.00409,0.27979,0.12858,0.05490,2.41473,0.51315,0.00717,upper,upper,0.0500,1,0.0500,success,rare safe upper mode with common lower mode blocked,full_energy_guided
rare_mode_recovery,2,2,no_task_gradient,1,0,0,0.00041,0.28860,0.12906,0.01382,2.40089,0.44019,0.00540,upper,upper,0.0500,1,0.0500,success,rare safe upper mode with common lower mode blocked,no_task_gradient
rare_mode_recovery,2,2,rerank_only,0,1,0,0.00055,-0.26624,0.13210,0.01559,2.44255,5.14584,0.00467,lower,upper,0.9500,0,0.0500,collision_or_blocked_prior_mode,rare safe upper mode with common lower mode blocked,rerank_only
rare_mode_recovery,2,2,no_safety_projection,0,1,1,0.00336,-0.10539,0.38614,0.24482,2.62007,2.82896,0.05459,lower,upper,0.9500,0,0.0500,collision_or_blocked_prior_mode,rare safe upper mode with common lower mode blocked,no_safety_projection
rare_mode_recovery,2,2,strong_projection,0,0,1,0.00323,0.00639,0.20500,0.13951,2.84450,0.92252,0.08657,lower,upper,0.9500,0,0.0500,dynamic_violation,rare safe upper mode with common lower mode blocked,strong_projection
rare_mode_recovery,2,2,no_prior_score,0,1,1,0.00492,-0.01671,0.26329,0.26265,2.28021,1.60872,0.22634,upper,upper,0.0500,1,0.0500,collision_or_blocked_prior_mode,rare safe upper mode with common lower mode blocked,no_prior_score
rare_mode_recovery,2,2,overguidance,0,1,1,0.00642,-0.19013,0.62867,1.19247,5.01237,38.81816,0.09913,lower,upper,0.9500,0,0.0500,collision_or_blocked_prior_mode,rare safe upper mode with common lower mode blocked,overguidance
rare_mode_recovery,2,3,full_energy_guided,0,1,1,0.00457,-0.16839,0.23606,0.32542,2.80544,3.19211,0.04422,lower,upper,0.9500,0,0.0500,collision_shortcut_from_guidance,rare safe upper mode with common lower mode blocked,full_energy_guided
rare_mode_recovery,2,3,no_task_gradient,1,0,0,0.00256,0.31244,0.12744,0.01547,2.40153,0.44065,0.00598,upper,upper,0.0500,1,0.0500,success,rare safe upper mode with common lower mode blocked,no_task_gradient
rare_mode_recovery,2,3,rerank_only,0,1,0,0.00042,-0.24819,0.13400,0.01184,2.45218,4.42099,0.00427,lower,upper,0.9500,0,0.0500,collision_or_blocked_prior_mode,rare safe upper mode with common lower mode blocked,rerank_only
rare_mode_recovery,2,3,no_safety_projection,1,0,0,0.00203,0.31533,0.12617,0.01938,2.40284,0.44261,0.00616,upper,upper,0.0500,1,0.0500,success,rare safe upper mode with common lower mode blocked,no_safety_projection
rare_mode_recovery,2,3,strong_projection,0,0,1,0.00342,0.00303,0.20500,0.14984,2.83424,0.95744,0.08163,lower,upper,0.9500,0,0.0500,dynamic_violation,rare safe upper mode with common lower mode blocked,strong_projection
rare_mode_recovery,2,3,no_prior_score,0,1,1,0.00334,-0.02165,0.21163,0.24109,2.33119,1.28204,0.23152,upper,upper,0.0500,1,0.0500,collision_or_blocked_prior_mode,rare safe upper mode with common lower mode blocked,no_prior_score
rare_mode_recovery,2,3,overguidance,0,1,1,0.00350,-0.05169,0.63319,1.18500,4.97346,38.10455,0.09896,lower,upper,0.9500,0,0.0500,collision_or_blocked_prior_mode,rare safe upper mode with common lower mode blocked,overguidance
rare_mode_recovery,3,0,full_energy_guided,1,0,0,0.00472,0.22663,0.12815,0.07864,2.45836,0.61949,0.00893,upper,upper,0.0500,1,0.0500,success,rare safe upper mode with common lower mode blocked,full_energy_guided
rare_mode_recovery,3,0,no_task_gradient,0,1,0,0.00051,-0.24386,0.13056,0.01428,2.43213,4.21553,0.00390,lower,upper,0.9500,0,0.0500,collision_or_blocked_prior_mode,rare safe upper mode with common lower mode blocked,no_task_gradient
rare_mode_recovery,3,0,rerank_only,1,0,0,0.00229,0.24193,0.12912,0.01624,2.40627,0.44180,0.00516,upper,upper,0.0500,1,0.0500,success,rare safe upper mode with common lower mode blocked,rerank_only
rare_mode_recovery,3,0,no_safety_projection,0,1,1,0.00341,-0.05875,0.34647,0.23391,2.67847,2.06785,0.05182,lower,upper,0.9500,0,0.0500,collision_or_blocked_prior_mode,rare safe upper mode with common lower mode blocked,no_safety_projection
rare_mode_recovery,3,0,strong_projection,0,0,1,0.00350,0.01415,0.20500,0.14443,2.78508,0.93317,0.07001,lower,upper,0.9500,0,0.0500,dynamic_violation,rare safe upper mode with common lower mode blocked,strong_projection
rare_mode_recovery,3,0,no_prior_score,0,1,1,0.00246,-0.07584,0.30432,0.30989,2.47786,2.78886,0.19075,upper,upper,0.0500,1,0.0500,collision_or_blocked_prior_mode,rare safe upper mode with common lower mode blocked,no_prior_score
rare_mode_recovery,3,0,overguidance,0,1,1,0.00366,-0.12194,0.60201,1.11475,5.01301,35.09086,0.09684,lower,upper,0.9500,0,0.0500,collision_or_blocked_prior_mode,rare safe upper mode with common lower mode blocked,overguidance
rare_mode_recovery,3,1,full_energy_guided,0,1,1,0.00382,-0.05821,0.27716,0.18985,2.61119,1.36736,0.04850,lower,upper,0.9500,0,0.0500,collision_shortcut_from_guidance,rare safe upper mode with common lower mode blocked,full_energy_guided
rare_mode_recovery,3,1,no_task_gradient,0,1,0,0.00055,-0.24380,0.12907,0.01390,2.41400,4.70105,0.00431,lower,upper,0.9500,0,0.0500,collision_or_blocked_prior_mode,rare safe upper mode with common lower mode blocked,no_task_gradient
rare_mode_recovery,3,1,rerank_only,1,0,0,0.00347,0.26325,0.13196,0.01742,2.42887,0.44751,0.00577,upper,upper,0.0500,1,0.0500,success,rare safe upper mode with common lower mode blocked,rerank_only
rare_mode_recovery,3,1,no_safety_projection,1,0,0,0.00378,0.26399,0.12474,0.01359,2.42365,0.44492,0.00567,upper,upper,0.0500,1,0.0500,success,rare safe upper mode with common lower mode blocked,no_safety_projection
rare_mode_recovery,3,1,strong_projection,0,0,1,0.00358,0.01784,0.20500,0.13241,2.74206,0.79386,0.07174,lower,upper,0.9500,0,0.0500,dynamic_violation,rare safe upper mode with common lower mode blocked,strong_projection
rare_mode_recovery,3,1,no_prior_score,0,1,1,0.00825,-0.02934,0.22518,0.30640,2.57344,1.76258,0.25941,upper,upper,0.0500,1,0.0500,collision_or_blocked_prior_mode,rare safe upper mode with common lower mode blocked,no_prior_score
rare_mode_recovery,3,1,overguidance,0,1,1,0.00486,-0.21519,0.64079,1.12647,5.06663,35.91653,0.09720,lower,upper,0.9500,0,0.0500,collision_or_blocked_prior_mode,rare safe upper mode with common lower mode blocked,overguidance
rare_mode_recovery,3,2,full_energy_guided,0,1,1,0.00499,-0.13691,0.31979,0.24066,2.66752,2.69162,0.05574,lower,upper,0.9500,0,0.0500,collision_shortcut_from_guidance,rare safe upper mode with common lower mode blocked,full_energy_guided
rare_mode_recovery,3,2,no_task_gradient,1,0,0,0.00232,0.29527,0.12292,0.01933,2.38625,0.43831,0.00382,upper,upper,0.0500,1,0.0500,success,rare safe upper mode with common lower mode blocked,no_task_gradient
rare_mode_recovery,3,2,rerank_only,1,0,0,0.00232,0.29416,0.12280,0.01710,2.38653,0.43781,0.00373,upper,upper,0.0500,1,0.0500,success,rare safe upper mode with common lower mode blocked,rerank_only
rare_mode_recovery,3,2,no_safety_projection,0,1,1,0.00280,-0.06962,0.43988,0.34669,2.55174,3.49235,0.06427,lower,upper,0.9500,0,0.0500,collision_or_blocked_prior_mode,rare safe upper mode with common lower mode blocked,no_safety_projection
rare_mode_recovery,3,2,strong_projection,0,0,1,0.00280,0.01153,0.20500,0.14347,2.92653,1.00827,0.10640,lower,upper,0.9500,0,0.0500,dynamic_violation,rare safe upper mode with common lower mode blocked,strong_projection
rare_mode_recovery,3,2,no_prior_score,0,1,1,0.00094,-0.07130,0.26842,0.33482,2.45284,2.48741,0.23624,upper,upper,0.0500,1,0.0500,collision_or_blocked_prior_mode,rare safe upper mode with common lower mode blocked,no_prior_score
rare_mode_recovery,3,2,overguidance,0,1,1,0.00443,-0.28378,0.63160,1.13438,4.59070,37.81533,0.09865,lower,upper,0.9500,0,0.0500,collision_or_blocked_prior_mode,rare safe upper mode with common lower mode blocked,overguidance
rare_mode_recovery,3,3,full_energy_guided,0,1,1,0.00316,-0.07712,0.30019,0.19928,2.64099,1.75911,0.05099,lower,upper,0.9500,0,0.0500,collision_shortcut_from_guidance,rare safe upper mode with common lower mode blocked,full_energy_guided
rare_mode_recovery,3,3,no_task_gradient,1,0,0,0.00464,0.25430,0.12442,0.01707,2.40547,0.44272,0.00728,upper,upper,0.0500,1,0.0500,success,rare safe upper mode with common lower mode blocked,no_task_gradient
rare_mode_recovery,3,3,rerank_only,0,1,0,0.00086,-0.25625,0.12824,0.01461,2.42520,4.97416,0.00467,lower,upper,0.9500,0,0.0500,collision_or_blocked_prior_mode,rare safe upper mode with common lower mode blocked,rerank_only
rare_mode_recovery,3,3,no_safety_projection,0,1,1,0.00361,-0.03699,0.36664,0.27209,2.67521,2.13893,0.06015,lower,upper,0.9500,0,0.0500,collision_or_blocked_prior_mode,rare safe upper mode with common lower mode blocked,no_safety_projection
rare_mode_recovery,3,3,strong_projection,0,0,1,0.00333,0.01570,0.20500,0.14908,2.79696,0.92226,0.07719,lower,upper,0.9500,0,0.0500,dynamic_violation,rare safe upper mode with common lower mode blocked,strong_projection
rare_mode_recovery,3,3,no_prior_score,0,1,1,0.00115,-0.10853,0.24932,0.34593,2.64104,2.61335,0.27265,lower,upper,0.9500,0,0.0500,collision_or_blocked_prior_mode,rare safe upper mode with common lower mode blocked,no_prior_score
rare_mode_recovery,3,3,overguidance,0,1,1,0.00746,-0.18414,0.52362,0.97757,5.31925,33.95851,0.10079,lower,upper,0.9500,0,0.0500,collision_or_blocked_prior_mode,rare safe upper mode with common lower mode blocked,overguidance
rare_mode_recovery,4,0,full_energy_guided,0,1,1,0.00347,-0.07636,0.34077,0.25255,2.60765,2.08979,0.05095,lower,upper,0.9500,0,0.0500,collision_shortcut_from_guidance,rare safe upper mode with common lower mode blocked,full_energy_guided
rare_mode_recovery,4,0,no_task_gradient,0,1,0,0.00008,-0.26610,0.12790,0.01298,2.42164,5.29437,0.00388,lower,upper,0.9500,0,0.0500,collision_or_blocked_prior_mode,rare safe upper mode with common lower mode blocked,no_task_gradient
rare_mode_recovery,4,0,rerank_only,0,1,0,0.00008,-0.26794,0.12889,0.01391,2.42164,5.31288,0.00388,lower,upper,0.9500,0,0.0500,collision_or_blocked_prior_mode,rare safe upper mode with common lower mode blocked,rerank_only
rare_mode_recovery,4,0,no_safety_projection,0,1,1,0.00377,-0.03618,0.38575,0.30331,2.68059,2.44053,0.06058,lower,upper,0.9500,0,0.0500,collision_or_blocked_prior_mode,rare safe upper mode with common lower mode blocked,no_safety_projection
rare_mode_recovery,4,0,strong_projection,0,0,1,0.00297,0.00920,0.20500,0.13565,2.80847,0.89658,0.08132,lower,upper,0.9500,0,0.0500,dynamic_violation,rare safe upper mode with common lower mode blocked,strong_projection
rare_mode_recovery,4,0,no_prior_score,0,1,1,0.00834,-0.09290,0.27054,0.25200,2.69467,2.31961,0.31228,lower,upper,0.9500,0,0.0500,collision_or_blocked_prior_mode,rare safe upper mode with common lower mode blocked,no_prior_score
rare_mode_recovery,4,0,overguidance,0,1,1,0.00371,-0.04071,0.60414,1.12317,4.98939,35.60307,0.10162,lower,upper,0.9500,0,0.0500,collision_or_blocked_prior_mode,rare safe upper mode with common lower mode blocked,overguidance
rare_mode_recovery,4,1,full_energy_guided,0,1,1,0.00217,-0.05916,0.26386,0.16374,2.60142,1.29168,0.05030,lower,upper,0.9500,0,0.0500,collision_shortcut_from_guidance,rare safe upper mode with common lower mode blocked,full_energy_guided
rare_mode_recovery,4,1,no_task_gradient,0,1,0,0.00083,-0.24013,0.12541,0.01373,2.39858,4.74284,0.00513,lower,upper,0.9500,0,0.0500,collision_or_blocked_prior_mode,rare safe upper mode with common lower mode blocked,no_task_gradient
rare_mode_recovery,4,1,rerank_only,1,0,0,0.00305,0.24105,0.12787,0.01751,2.43149,0.44813,0.00507,upper,upper,0.0500,1,0.0500,success,rare safe upper mode with common lower mode blocked,rerank_only
rare_mode_recovery,4,1,no_safety_projection,0,1,1,0.00287,-0.02140,0.30090,0.20404,2.66280,1.34233,0.05935,lower,upper,0.9500,0,0.0500,collision_or_blocked_prior_mode,rare safe upper mode with common lower mode blocked,no_safety_projection
rare_mode_recovery,4,1,strong_projection,0,0,1,0.00319,0.01639,0.20500,0.13234,2.72648,0.82454,0.06881,lower,upper,0.9500,0,0.0500,dynamic_violation,rare safe upper mode with common lower mode blocked,strong_projection
rare_mode_recovery,4,1,no_prior_score,0,1,1,0.00721,-0.06103,0.25536,0.26276,2.43729,2.07473,0.26067,upper,upper,0.0500,1,0.0500,collision_or_blocked_prior_mode,rare safe upper mode with common lower mode blocked,no_prior_score
rare_mode_recovery,4,1,overguidance,0,1,1,0.00502,-0.11041,0.58354,1.01060,5.35495,33.11652,0.10079,lower,upper,0.9500,0,0.0500,collision_or_blocked_prior_mode,rare safe upper mode with common lower mode blocked,overguidance
rare_mode_recovery,4,2,full_energy_guided,0,1,1,0.00373,-0.04571,0.27349,0.22634,2.64904,1.43889,0.04363,lower,upper,0.9500,0,0.0500,collision_shortcut_from_guidance,rare safe upper mode with common lower mode blocked,full_energy_guided
rare_mode_recovery,4,2,no_task_gradient,0,1,0,0.00017,-0.22527,0.12745,0.01363,2.39900,4.18395,0.00398,lower,upper,0.9500,0,0.0500,collision_or_blocked_prior_mode,rare safe upper mode with common lower mode blocked,no_task_gradient
rare_mode_recovery,4,2,rerank_only,0,1,0,0.00017,-0.22527,0.12518,0.01462,2.39839,4.19385,0.00402,lower,upper,0.9500,0,0.0500,collision_or_blocked_prior_mode,rare safe upper mode with common lower mode blocked,rerank_only
rare_mode_recovery,4,2,no_safety_projection,0,1,1,0.00338,-0.01898,0.27679,0.18618,2.63969,1.11688,0.05117,lower,upper,0.9500,0,0.0500,collision_or_blocked_prior_mode,rare safe upper mode with common lower mode blocked,no_safety_projection
rare_mode_recovery,4,2,strong_projection,1,0,0,0.00338,0.20476,0.12491,0.01629,2.43392,0.44800,0.00606,upper,upper,0.0500,1,0.0500,success,rare safe upper mode with common lower mode blocked,strong_projection
rare_mode_recovery,4,2,no_prior_score,0,1,1,0.00651,-0.05168,0.27599,0.27682,2.48504,2.64493,0.27026,lower,upper,0.9500,0,0.0500,collision_or_blocked_prior_mode,rare safe upper mode with common lower mode blocked,no_prior_score
rare_mode_recovery,4,2,overguidance,0,1,1,0.00336,-0.23817,0.49887,0.93454,5.37264,32.02184,0.09780,lower,upper,0.9500,0,0.0500,collision_or_blocked_prior_mode,rare safe upper mode with common lower mode blocked,overguidance
rare_mode_recovery,4,3,full_energy_guided,0,1,1,0.00451,-0.06135,0.26096,0.18008,2.61684,1.34023,0.05018,lower,upper,0.9500,0,0.0500,collision_shortcut_from_guidance,rare safe upper mode with common lower mode blocked,full_energy_guided
rare_mode_recovery,4,3,no_task_gradient,1,0,0,0.00164,0.25819,0.12773,0.02447,2.43044,0.44878,0.00552,upper,upper,0.0500,1,0.0500,success,rare safe upper mode with common lower mode blocked,no_task_gradient
rare_mode_recovery,4,3,rerank_only,0,1,0,0.00059,-0.24284,0.12606,0.01193,2.40767,4.70788,0.00480,lower,upper,0.9500,0,0.0500,collision_or_blocked_prior_mode,rare safe upper mode with common lower mode blocked,rerank_only
rare_mode_recovery,4,3,no_safety_projection,0,1,1,0.00354,-0.02124,0.29870,0.20546,2.66873,1.34467,0.05900,lower,upper,0.9500,0,0.0500,collision_or_blocked_prior_mode,rare safe upper mode with common lower mode blocked,no_safety_projection
rare_mode_recovery,4,3,strong_projection,1,0,0,0.00336,0.26117,0.12525,0.02188,2.42624,0.44620,0.00560,upper,upper,0.0500,1,0.0500,success,rare safe upper mode with common lower mode blocked,strong_projection
rare_mode_recovery,4,3,no_prior_score,0,1,1,0.00550,-0.11328,0.22491,0.29365,2.36382,2.24173,0.21883,lower,upper,0.9500,0,0.0500,collision_or_blocked_prior_mode,rare safe upper mode with common lower mode blocked,no_prior_score
rare_mode_recovery,4,3,overguidance,0,1,1,0.00490,-0.27711,0.62946,1.23219,4.77674,37.93519,0.10038,lower,upper,0.9500,0,0.0500,collision_or_blocked_prior_mode,rare safe upper mode with common lower mode blocked,overguidance
rare_mode_recovery,5,0,full_energy_guided,0,1,1,0.00276,-0.08737,0.34040,0.24850,2.62442,2.17616,0.04842,lower,upper,0.9500,0,0.0500,collision_shortcut_from_guidance,rare safe upper mode with common lower mode blocked,full_energy_guided
rare_mode_recovery,5,0,no_task_gradient,0,1,0,0.00059,-0.26220,0.12870,0.01205,2.43726,4.90651,0.00491,lower,upper,0.9500,0,0.0500,collision_or_blocked_prior_mode,rare safe upper mode with common lower mode blocked,no_task_gradient
rare_mode_recovery,5,0,rerank_only,1,0,0,0.00351,0.31020,0.12613,0.01832,2.40309,0.44286,0.00498,upper,upper,0.0500,1,0.0500,success,rare safe upper mode with common lower mode blocked,rerank_only
rare_mode_recovery,5,0,no_safety_projection,1,0,0,0.00347,0.31255,0.12377,0.01426,2.39541,0.43888,0.00523,upper,upper,0.0500,1,0.0500,success,rare safe upper mode with common lower mode blocked,no_safety_projection
rare_mode_recovery,5,0,strong_projection,0,0,1,0.00329,0.00703,0.20500,0.14135,2.82419,0.91791,0.08211,lower,upper,0.9500,0,0.0500,dynamic_violation,rare safe upper mode with common lower mode blocked,strong_projection
rare_mode_recovery,5,0,no_prior_score,0,1,1,0.00575,-0.02877,0.27215,0.27689,2.76237,2.05817,0.27029,upper,upper,0.0500,1,0.0500,collision_or_blocked_prior_mode,rare safe upper mode with common lower mode blocked,no_prior_score
rare_mode_recovery,5,0,overguidance,0,1,1,0.00456,-0.18425,0.59128,1.17767,4.94869,38.18372,0.09906,lower,upper,0.9500,0,0.0500,collision_or_blocked_prior_mode,rare safe upper mode with common lower mode blocked,overguidance
rare_mode_recovery,5,1,full_energy_guided,0,1,1,0.00341,-0.06916,0.22654,0.21998,2.72798,1.66199,0.05018,lower,upper,0.9500,0,0.0500,collision_shortcut_from_guidance,rare safe upper mode with common lower mode blocked,full_energy_guided
rare_mode_recovery,5,1,no_task_gradient,0,1,0,0.00072,-0.23588,0.12827,0.01370,2.40940,4.43655,0.00464,lower,upper,0.9500,0,0.0500,collision_or_blocked_prior_mode,rare safe upper mode with common lower mode blocked,no_task_gradient
rare_mode_recovery,5,1,rerank_only,0,1,0,0.00072,-0.23559,0.12825,0.01527,2.40959,4.43935,0.00454,lower,upper,0.9500,0,0.0500,collision_or_blocked_prior_mode,rare safe upper mode with common lower mode blocked,rerank_only
rare_mode_recovery,5,1,no_safety_projection,0,1,1,0.00322,-0.01899,0.29486,0.20375,2.66322,1.30187,0.05774,lower,upper,0.9500,0,0.0500,collision_or_blocked_prior_mode,rare safe upper mode with common lower mode blocked,no_safety_projection
rare_mode_recovery,5,1,strong_projection,1,0,0,0.00325,0.24530,0.12798,0.01407,2.42589,0.44454,0.00495,upper,upper,0.0500,1,0.0500,success,rare safe upper mode with common lower mode blocked,strong_projection
rare_mode_recovery,5,1,no_prior_score,0,1,1,0.00340,-0.08801,0.20906,0.24989,2.43956,1.78284,0.25509,lower,upper,0.9500,0,0.0500,collision_or_blocked_prior_mode,rare safe upper mode with common lower mode blocked,no_prior_score
rare_mode_recovery,5,1,overguidance,0,1,1,0.00345,-0.25351,0.54094,1.03801,5.37122,35.19500,0.10079,lower,upper,0.9500,0,0.0500,collision_or_blocked_prior_mode,rare safe upper mode with common lower mode blocked,overguidance
rare_mode_recovery,5,2,full_energy_guided,1,0,0,0.00352,0.22377,0.12246,0.06988,2.43543,0.54137,0.00715,upper,upper,0.0500,1,0.0500,success,rare safe upper mode with common lower mode blocked,full_energy_guided
rare_mode_recovery,5,2,no_task_gradient,0,1,0,0.00040,-0.28125,0.12908,0.01327,2.42869,5.89316,0.00319,lower,upper,0.9500,0,0.0500,collision_or_blocked_prior_mode,rare safe upper mode with common lower mode blocked,no_task_gradient
rare_mode_recovery,5,2,rerank_only,1,0,0,0.00153,0.22964,0.12643,0.02228,2.40827,0.44269,0.00470,upper,upper,0.0500,1,0.0500,success,rare safe upper mode with common lower mode blocked,rerank_only
rare_mode_recovery,5,2,no_safety_projection,1,0,0,0.00343,0.22964,0.12273,0.01830,2.40332,0.44135,0.00482,upper,upper,0.0500,1,0.0500,success,rare safe upper mode with common lower mode blocked,no_safety_projection
rare_mode_recovery,5,2,strong_projection,0,0,1,0.00313,0.00973,0.20500,0.13062,2.84318,0.88835,0.08576,lower,upper,0.9500,0,0.0500,dynamic_violation,rare safe upper mode with common lower mode blocked,strong_projection
rare_mode_recovery,5,2,no_prior_score,0,1,1,0.00141,-0.02850,0.24909,0.24672,2.27135,1.74377,0.24336,upper,upper,0.0500,1,0.0500,collision_or_blocked_prior_mode,rare safe upper mode with common lower mode blocked,no_prior_score
rare_mode_recovery,5,2,overguidance,0,1,1,0.00449,-0.16638,0.56640,1.12001,5.08056,36.25979,0.10194,lower,upper,0.9500,0,0.0500,collision_or_blocked_prior_mode,rare safe upper mode with common lower mode blocked,overguidance
rare_mode_recovery,5,3,full_energy_guided,0,1,1,0.00422,-0.13334,0.29226,0.28160,2.73652,2.57047,0.04646,lower,upper,0.9500,0,0.0500,collision_shortcut_from_guidance,rare safe upper mode with common lower mode blocked,full_energy_guided
rare_mode_recovery,5,3,no_task_gradient,0,1,0,0.00082,-0.25775,0.13144,0.01557,2.44228,4.84043,0.00412,lower,upper,0.9500,0,0.0500,collision_or_blocked_prior_mode,rare safe upper mode with common lower mode blocked,no_task_gradient
rare_mode_recovery,5,3,rerank_only,0,1,0,0.00082,-0.25677,0.13462,0.01364,2.44223,4.83070,0.00409,lower,upper,0.9500,0,0.0500,collision_or_blocked_prior_mode,rare safe upper mode with common lower mode blocked,rerank_only
rare_mode_recovery,5,3,no_safety_projection,0,1,1,0.00333,-0.04734,0.44443,0.36965,2.61828,3.48359,0.05671,lower,upper,0.9500,0,0.0500,collision_or_blocked_prior_mode,rare safe upper mode with common lower mode blocked,no_safety_projection
rare_mode_recovery,5,3,strong_projection,0,0,1,0.00368,0.00521,0.20500,0.14396,2.82744,0.92994,0.08452,lower,upper,0.9500,0,0.0500,dynamic_violation,rare safe upper mode with common lower mode blocked,strong_projection
rare_mode_recovery,5,3,no_prior_score,0,1,1,0.01028,-0.05376,0.30206,0.28595,2.69884,2.66705,0.32411,upper,upper,0.0500,1,0.0500,collision_or_blocked_prior_mode,rare safe upper mode with common lower mode blocked,no_prior_score
rare_mode_recovery,5,3,overguidance,0,1,1,0.00560,-0.25453,0.57402,1.03311,5.29272,36.34835,0.09934,lower,upper,0.9500,0,0.0500,collision_or_blocked_prior_mode,rare safe upper mode with common lower mode blocked,overguidance
rare_mode_recovery,6,0,full_energy_guided,0,1,1,0.00367,-0.17570,0.26425,0.28111,2.67410,2.76238,0.04741,lower,upper,0.9500,0,0.0500,collision_shortcut_from_guidance,rare safe upper mode with common lower mode blocked,full_energy_guided
rare_mode_recovery,6,0,no_task_gradient,0,1,0,0.00068,-0.28308,0.13247,0.02093,2.45149,5.85283,0.00449,lower,upper,0.9500,0,0.0500,collision_or_blocked_prior_mode,rare safe upper mode with common lower mode blocked,no_task_gradient
rare_mode_recovery,6,0,rerank_only,1,0,0,0.00314,0.26635,0.13004,0.01607,2.39099,0.43930,0.00368,upper,upper,0.0500,1,0.0500,success,rare safe upper mode with common lower mode blocked,rerank_only
rare_mode_recovery,6,0,no_safety_projection,0,1,1,0.00346,-0.10002,0.41396,0.27402,2.56912,3.16731,0.05843,lower,upper,0.9500,0,0.0500,collision_or_blocked_prior_mode,rare safe upper mode with common lower mode blocked,no_safety_projection
rare_mode_recovery,6,0,strong_projection,0,0,1,0.00300,0.01048,0.20500,0.14245,2.89087,0.94261,0.09839,lower,upper,0.9500,0,0.0500,dynamic_violation,rare safe upper mode with common lower mode blocked,strong_projection
rare_mode_recovery,6,0,no_prior_score,0,0,1,0.00212,0.01123,0.21249,0.21203,2.35555,1.22607,0.24872,upper,upper,0.0500,1,0.0500,dynamic_violation,rare safe upper mode with common lower mode blocked,no_prior_score
rare_mode_recovery,6,0,overguidance,0,1,1,0.00355,-0.27455,0.65685,1.19934,4.58764,32.35047,0.09231,lower,upper,0.9500,0,0.0500,collision_or_blocked_prior_mode,rare safe upper mode with common lower mode blocked,overguidance
rare_mode_recovery,6,1,full_energy_guided,1,0,0,0.00461,0.24874,0.12719,0.04249,2.43816,0.48310,0.00639,upper,upper,0.0500,1,0.0500,success,rare safe upper mode with common lower mode blocked,full_energy_guided
rare_mode_recovery,6,1,no_task_gradient,1,0,0,0.00484,0.25021,0.12672,0.01796,2.43636,0.45074,0.00485,upper,upper,0.0500,1,0.0500,success,rare safe upper mode with common lower mode blocked,no_task_gradient
rare_mode_recovery,6,1,rerank_only,0,1,0,0.00083,-0.25892,0.12736,0.01169,2.40415,5.27360,0.00514,lower,upper,0.9500,0,0.0500,collision_or_blocked_prior_mode,rare safe upper mode with common lower mode blocked,rerank_only
rare_mode_recovery,6,1,no_safety_projection,1,0,0,0.00412,0.25349,0.12792,0.01661,2.42789,0.44633,0.00534,upper,upper,0.0500,1,0.0500,success,rare safe upper mode with common lower mode blocked,no_safety_projection
rare_mode_recovery,6,1,strong_projection,0,0,1,0.00344,0.01631,0.20500,0.12993,2.77011,0.87719,0.07699,lower,upper,0.9500,0,0.0500,dynamic_violation,rare safe upper mode with common lower mode blocked,strong_projection
rare_mode_recovery,6,1,no_prior_score,0,1,1,0.00409,-0.15913,0.33362,0.32865,2.56899,3.68921,0.29373,lower,upper,0.9500,0,0.0500,collision_or_blocked_prior_mode,rare safe upper mode with common lower mode blocked,no_prior_score
rare_mode_recovery,6,1,overguidance,0,1,1,0.00473,-0.10165,0.62366,1.22138,4.86800,35.84272,0.10230,lower,upper,0.9500,0,0.0500,collision_or_blocked_prior_mode,rare safe upper mode with common lower mode blocked,overguidance
rare_mode_recovery,6,2,full_energy_guided,0,1,1,0.00402,-0.07904,0.32521,0.26068,2.66577,1.99700,0.05458,lower,upper,0.9500,0,0.0500,collision_shortcut_from_guidance,rare safe upper mode with common lower mode blocked,full_energy_guided
rare_mode_recovery,6,2,no_task_gradient,0,1,0,0.00030,-0.26942,0.12720,0.01308,2.41751,5.58176,0.00371,lower,upper,0.9500,0,0.0500,collision_or_blocked_prior_mode,rare safe upper mode with common lower mode blocked,no_task_gradient
rare_mode_recovery,6,2,rerank_only,0,1,0,0.00030,-0.26830,0.12816,0.01415,2.41804,5.56562,0.00379,lower,upper,0.9500,0,0.0500,collision_or_blocked_prior_mode,rare safe upper mode with common lower mode blocked,rerank_only
rare_mode_recovery,6,2,no_safety_projection,0,1,1,0.00400,-0.03301,0.35835,0.27190,2.69504,2.05311,0.06350,lower,upper,0.9500,0,0.0500,collision_or_blocked_prior_mode,rare safe upper mode with common lower mode blocked,no_safety_projection
rare_mode_recovery,6,2,strong_projection,1,0,0,0.00392,0.21840,0.12859,0.01811,2.40316,0.44202,0.00659,upper,upper,0.0500,1,0.0500,success,rare safe upper mode with common lower mode blocked,strong_projection
rare_mode_recovery,6,2,no_prior_score,0,1,1,0.00208,-0.09719,0.31632,0.30400,2.81343,2.98180,0.31259,upper,upper,0.0500,1,0.0500,collision_or_blocked_prior_mode,rare safe upper mode with common lower mode blocked,no_prior_score
rare_mode_recovery,6,2,overguidance,0,1,1,0.00648,-0.23920,0.62470,1.18363,4.78979,37.36458,0.10231,lower,upper,0.9500,0,0.0500,collision_or_blocked_prior_mode,rare safe upper mode with common lower mode blocked,overguidance
rare_mode_recovery,6,3,full_energy_guided,0,1,1,0.00395,-0.03595,0.25039,0.19105,2.63332,1.21959,0.04408,lower,upper,0.9500,0,0.0500,collision_shortcut_from_guidance,rare safe upper mode with common lower mode blocked,full_energy_guided
rare_mode_recovery,6,3,no_task_gradient,1,0,0,0.00209,0.21812,0.13279,0.01621,2.44305,0.44828,0.00466,upper,upper,0.0500,1,0.0500,success,rare safe upper mode with common lower mode blocked,no_task_gradient
rare_mode_recovery,6,3,rerank_only,1,0,0,0.00210,0.22032,0.13476,0.01446,2.44362,0.44827,0.00448,upper,upper,0.0500,1,0.0500,success,rare safe upper mode with common lower mode blocked,rerank_only
rare_mode_recovery,6,3,no_safety_projection,0,1,1,0.00351,-0.00922,0.25977,0.17442,2.63753,0.98937,0.05131,lower,upper,0.9500,0,0.0500,collision_or_blocked_prior_mode,rare safe upper mode with common lower mode blocked,no_safety_projection
rare_mode_recovery,6,3,strong_projection,0,0,1,0.00366,0.01772,0.20500,0.13966,2.67778,0.79816,0.05727,lower,upper,0.9500,0,0.0500,dynamic_violation,rare safe upper mode with common lower mode blocked,strong_projection
rare_mode_recovery,6,3,no_prior_score,0,1,1,0.00304,-0.04499,0.23820,0.24478,2.58440,1.80447,0.26551,upper,upper,0.0500,1,0.0500,collision_or_blocked_prior_mode,rare safe upper mode with common lower mode blocked,no_prior_score
rare_mode_recovery,6,3,overguidance,0,1,1,0.00606,-0.17617,0.63211,1.14975,4.85169,37.17173,0.09781,lower,upper,0.9500,0,0.0500,collision_or_blocked_prior_mode,rare safe upper mode with common lower mode blocked,overguidance
off_support_corridor,0,0,full_energy_guided,0,1,1,0.00351,-0.10513,0.37558,0.29003,2.67401,2.92392,0.05203,lower,upper,1.0000,0,0.0000,collision_shortcut_from_guidance,safe upper mode absent from prior and lower mode blocked,full_energy_guided
off_support_corridor,0,0,no_task_gradient,0,1,0,0.00106,-0.27874,0.13015,0.01395,2.43513,5.69964,0.00400,lower,upper,1.0000,0,0.0000,collision_or_blocked_prior_mode,safe upper mode absent from prior and lower mode blocked,no_task_gradient
off_support_corridor,0,0,rerank_only,0,1,0,0.00106,-0.28101,0.13279,0.01663,2.43553,5.70622,0.00420,lower,upper,1.0000,0,0.0000,collision_or_blocked_prior_mode,safe upper mode absent from prior and lower mode blocked,rerank_only
off_support_corridor,0,0,no_safety_projection,0,1,1,0.00318,-0.09111,0.39931,0.26900,2.64409,2.91295,0.05854,lower,upper,1.0000,0,0.0000,collision_or_blocked_prior_mode,safe upper mode absent from prior and lower mode blocked,no_safety_projection
off_support_corridor,0,0,strong_projection,0,0,1,0.00291,0.00851,0.20500,0.13346,2.85294,0.92612,0.09169,lower,upper,1.0000,0,0.0000,dynamic_violation,safe upper mode absent from prior and lower mode blocked,strong_projection
off_support_corridor,0,0,no_prior_score,0,1,1,0.00131,-0.07386,0.30123,0.32620,2.42895,2.86334,0.42439,upper,upper,0.0000,1,0.0000,collision_or_blocked_prior_mode,safe upper mode absent from prior and lower mode blocked,no_prior_score
off_support_corridor,0,0,overguidance,0,1,1,0.00351,-0.15975,0.61432,1.09112,5.04919,37.47113,0.10048,lower,upper,1.0000,0,0.0000,collision_or_blocked_prior_mode,safe upper mode absent from prior and lower mode blocked,overguidance
off_support_corridor,0,1,full_energy_guided,0,1,1,0.00274,-0.07589,0.27127,0.22061,2.68120,1.61896,0.05841,lower,upper,1.0000,0,0.0000,collision_shortcut_from_guidance,safe upper mode absent from prior and lower mode blocked,full_energy_guided
off_support_corridor,0,1,no_task_gradient,0,1,0,0.00071,-0.27126,0.12485,0.01305,2.39059,6.40154,0.00401,lower,upper,1.0000,0,0.0000,collision_or_blocked_prior_mode,safe upper mode absent from prior and lower mode blocked,no_task_gradient
off_support_corridor,0,1,rerank_only,0,1,0,0.00071,-0.27172,0.12368,0.01357,2.38960,6.39331,0.00428,lower,upper,1.0000,0,0.0000,collision_or_blocked_prior_mode,safe upper mode absent from prior and lower mode blocked,rerank_only
off_support_corridor,0,1,no_safety_projection,0,1,1,0.00322,-0.04174,0.28917,0.18740,2.64783,1.38686,0.06159,lower,upper,1.0000,0,0.0000,collision_or_blocked_prior_mode,safe upper mode absent from prior and lower mode blocked,no_safety_projection
off_support_corridor,0,1,strong_projection,0,0,1,0.00298,0.01720,0.20500,0.11704,2.77131,0.84408,0.07688,lower,upper,1.0000,0,0.0000,dynamic_violation,safe upper mode absent from prior and lower mode blocked,strong_projection
off_support_corridor,0,1,no_prior_score,0,1,1,0.00764,-0.09792,0.27387,0.31027,2.28878,2.89545,0.20627,lower,upper,1.0000,0,0.0000,collision_or_blocked_prior_mode,safe upper mode absent from prior and lower mode blocked,no_prior_score
off_support_corridor,0,1,overguidance,0,1,1,0.00381,-0.20549,0.50173,0.92864,5.23219,32.11060,0.10630,lower,upper,1.0000,0,0.0000,collision_or_blocked_prior_mode,safe upper mode absent from prior and lower mode blocked,overguidance
off_support_corridor,0,2,full_energy_guided,0,1,1,0.00440,-0.07549,0.31058,0.20923,2.66190,1.84998,0.05921,lower,upper,1.0000,0,0.0000,collision_shortcut_from_guidance,safe upper mode absent from prior and lower mode blocked,full_energy_guided
off_support_corridor,0,2,no_task_gradient,0,1,0,0.00088,-0.28494,0.12792,0.01585,2.41351,6.45402,0.00408,lower,upper,1.0000,0,0.0000,collision_or_blocked_prior_mode,safe upper mode absent from prior and lower mode blocked,no_task_gradient
off_support_corridor,0,2,rerank_only,0,1,0,0.00088,-0.28472,0.12674,0.01294,2.41332,6.43100,0.00425,lower,upper,1.0000,0,0.0000,collision_or_blocked_prior_mode,safe upper mode absent from prior and lower mode blocked,rerank_only
off_support_corridor,0,2,no_safety_projection,0,1,1,0.00277,-0.05589,0.34730,0.24948,2.67493,2.04967,0.06352,lower,upper,1.0000,0,0.0000,collision_or_blocked_prior_mode,safe upper mode absent from prior and lower mode blocked,no_safety_projection
off_support_corridor,0,2,strong_projection,0,0,1,0.00338,0.01246,0.20500,0.12277,2.83416,0.87330,0.08991,lower,upper,1.0000,0,0.0000,dynamic_violation,safe upper mode absent from prior and lower mode blocked,strong_projection
off_support_corridor,0,2,no_prior_score,0,1,1,0.00564,-0.06166,0.28190,0.25115,2.38176,2.10591,0.24426,lower,upper,1.0000,0,0.0000,collision_or_blocked_prior_mode,safe upper mode absent from prior and lower mode blocked,no_prior_score
off_support_corridor,0,2,overguidance,0,1,1,0.01656,-0.06802,0.65810,1.11951,4.87506,34.56554,0.10432,lower,upper,1.0000,0,0.0000,collision_or_blocked_prior_mode,safe upper mode absent from prior and lower mode blocked,overguidance
off_support_corridor,0,3,full_energy_guided,0,1,1,0.00358,-0.05616,0.30165,0.24698,2.64511,1.66764,0.05166,lower,upper,1.0000,0,0.0000,collision_shortcut_from_guidance,safe upper mode absent from prior and lower mode blocked,full_energy_guided
off_support_corridor,0,3,no_task_gradient,0,1,0,0.00007,-0.25314,0.12790,0.01620,2.40897,5.04311,0.00370,lower,upper,1.0000,0,0.0000,collision_or_blocked_prior_mode,safe upper mode absent from prior and lower mode blocked,no_task_gradient
off_support_corridor,0,3,rerank_only,0,1,0,0.00007,-0.25364,0.12795,0.01221,2.40906,5.03209,0.00389,lower,upper,1.0000,0,0.0000,collision_or_blocked_prior_mode,safe upper mode absent from prior and lower mode blocked,rerank_only
off_support_corridor,0,3,no_safety_projection,0,1,1,0.00315,-0.03237,0.32385,0.21965,2.68354,1.63833,0.06050,lower,upper,1.0000,0,0.0000,collision_or_blocked_prior_mode,safe upper mode absent from prior and lower mode blocked,no_safety_projection
off_support_corridor,0,3,strong_projection,0,0,1,0.00283,0.01621,0.20500,0.13069,2.76831,0.86099,0.07264,lower,upper,1.0000,0,0.0000,dynamic_violation,safe upper mode absent from prior and lower mode blocked,strong_projection
off_support_corridor,0,3,no_prior_score,0,1,1,0.00507,-0.17110,0.25682,0.32380,2.65038,2.80767,0.27964,lower,upper,1.0000,0,0.0000,collision_or_blocked_prior_mode,safe upper mode absent from prior and lower mode blocked,no_prior_score
off_support_corridor,0,3,overguidance,0,1,1,0.00632,-0.14457,0.57896,1.12328,5.09991,35.40968,0.10168,lower,upper,1.0000,0,0.0000,collision_or_blocked_prior_mode,safe upper mode absent from prior and lower mode blocked,overguidance
off_support_corridor,1,0,full_energy_guided,0,1,1,0.00211,-0.08748,0.31462,0.20233,2.63092,1.96206,0.04722,lower,upper,1.0000,0,0.0000,collision_shortcut_from_guidance,safe upper mode absent from prior and lower mode blocked,full_energy_guided
off_support_corridor,1,0,no_task_gradient,0,1,0,0.00120,-0.25505,0.12731,0.01604,2.42705,4.78137,0.00434,lower,upper,1.0000,0,0.0000,collision_or_blocked_prior_mode,safe upper mode absent from prior and lower mode blocked,no_task_gradient
off_support_corridor,1,0,rerank_only,0,1,0,0.00120,-0.25730,0.12625,0.01403,2.42648,4.78544,0.00423,lower,upper,1.0000,0,0.0000,collision_or_blocked_prior_mode,safe upper mode absent from prior and lower mode blocked,rerank_only
off_support_corridor,1,0,no_safety_projection,0,1,1,0.00316,-0.04851,0.37240,0.27074,2.67842,2.30510,0.05600,lower,upper,1.0000,0,0.0000,collision_or_blocked_prior_mode,safe upper mode absent from prior and lower mode blocked,no_safety_projection
off_support_corridor,1,0,strong_projection,0,0,1,0.00313,0.01534,0.20500,0.13636,2.79930,0.92153,0.07434,lower,upper,1.0000,0,0.0000,dynamic_violation,safe upper mode absent from prior and lower mode blocked,strong_projection
off_support_corridor,1,0,no_prior_score,0,1,1,0.00761,-0.00600,0.22651,0.28598,2.39250,1.66818,0.41675,upper,upper,0.0000,1,0.0000,collision_or_blocked_prior_mode,safe upper mode absent from prior and lower mode blocked,no_prior_score
off_support_corridor,1,0,overguidance,0,1,1,0.01671,-0.13757,0.44565,0.82219,5.79568,32.50315,0.09964,lower,upper,1.0000,0,0.0000,collision_or_blocked_prior_mode,safe upper mode absent from prior and lower mode blocked,overguidance
off_support_corridor,1,1,full_energy_guided,0,1,1,0.00362,-0.08494,0.31453,0.21294,2.63853,1.97629,0.04813,lower,upper,1.0000,0,0.0000,collision_shortcut_from_guidance,safe upper mode absent from prior and lower mode blocked,full_energy_guided
off_support_corridor,1,1,no_task_gradient,0,1,0,0.00099,-0.25219,0.13062,0.01400,2.43152,4.72152,0.00430,lower,upper,1.0000,0,0.0000,collision_or_blocked_prior_mode,safe upper mode absent from prior and lower mode blocked,no_task_gradient
off_support_corridor,1,1,rerank_only,0,1,0,0.00099,-0.25183,0.13106,0.01389,2.43136,4.70985,0.00443,lower,upper,1.0000,0,0.0000,collision_or_blocked_prior_mode,safe upper mode absent from prior and lower mode blocked,rerank_only
off_support_corridor,1,1,no_safety_projection,0,1,1,0.00362,-0.04133,0.37888,0.28574,2.66601,2.34374,0.05690,lower,upper,1.0000,0,0.0000,collision_or_blocked_prior_mode,safe upper mode absent from prior and lower mode blocked,no_safety_projection
off_support_corridor,1,1,strong_projection,0,0,1,0.00357,0.01508,0.20500,0.13851,2.80012,0.92942,0.07312,lower,upper,1.0000,0,0.0000,dynamic_violation,safe upper mode absent from prior and lower mode blocked,strong_projection
off_support_corridor,1,1,no_prior_score,0,1,1,0.00353,-0.06610,0.29684,0.26198,2.40947,2.21914,0.23764,lower,upper,1.0000,0,0.0000,collision_or_blocked_prior_mode,safe upper mode absent from prior and lower mode blocked,no_prior_score
off_support_corridor,1,1,overguidance,0,1,1,0.00407,-0.22411,0.67254,1.18386,4.83182,38.89379,0.09714,lower,upper,1.0000,0,0.0000,collision_or_blocked_prior_mode,safe upper mode absent from prior and lower mode blocked,overguidance
off_support_corridor,1,2,full_energy_guided,0,1,1,0.00379,-0.08040,0.25620,0.18311,2.64739,1.45764,0.05049,lower,upper,1.0000,0,0.0000,collision_shortcut_from_guidance,safe upper mode absent from prior and lower mode blocked,full_energy_guided
off_support_corridor,1,2,no_task_gradient,0,1,0,0.00113,-0.25307,0.12480,0.01125,2.40721,4.93828,0.00481,lower,upper,1.0000,0,0.0000,collision_or_blocked_prior_mode,safe upper mode absent from prior and lower mode blocked,no_task_gradient
off_support_corridor,1,2,rerank_only,0,1,0,0.00113,-0.25017,0.12436,0.01152,2.40720,4.90997,0.00491,lower,upper,1.0000,0,0.0000,collision_or_blocked_prior_mode,safe upper mode absent from prior and lower mode blocked,rerank_only
off_support_corridor,1,2,no_safety_projection,0,1,1,0.00337,-0.02637,0.31979,0.21883,2.66869,1.52834,0.05968,lower,upper,1.0000,0,0.0000,collision_or_blocked_prior_mode,safe upper mode absent from prior and lower mode blocked,no_safety_projection
off_support_corridor,1,2,strong_projection,0,0,1,0.00334,0.01799,0.20500,0.12340,2.74400,0.75109,0.07649,lower,upper,1.0000,0,0.0000,dynamic_violation,safe upper mode absent from prior and lower mode blocked,strong_projection
off_support_corridor,1,2,no_prior_score,0,1,1,0.00323,-0.08505,0.29131,0.25857,2.58012,2.71664,0.34046,upper,upper,0.0000,1,0.0000,collision_or_blocked_prior_mode,safe upper mode absent from prior and lower mode blocked,no_prior_score
off_support_corridor,1,2,overguidance,0,1,1,0.00211,-0.24422,0.58164,1.14810,5.07535,35.36372,0.10116,lower,upper,1.0000,0,0.0000,collision_or_blocked_prior_mode,safe upper mode absent from prior and lower mode blocked,overguidance
off_support_corridor,1,3,full_energy_guided,0,1,1,0.00378,-0.06837,0.25559,0.21773,2.73777,1.65721,0.05570,lower,upper,1.0000,0,0.0000,collision_shortcut_from_guidance,safe upper mode absent from prior and lower mode blocked,full_energy_guided
off_support_corridor,1,3,no_task_gradient,0,1,0,0.00064,-0.25686,0.12576,0.01558,2.39048,5.73609,0.00481,lower,upper,1.0000,0,0.0000,collision_or_blocked_prior_mode,safe upper mode absent from prior and lower mode blocked,no_task_gradient
off_support_corridor,1,3,rerank_only,0,1,0,0.00064,-0.25719,0.12727,0.01404,2.39028,5.75871,0.00461,lower,upper,1.0000,0,0.0000,collision_or_blocked_prior_mode,safe upper mode absent from prior and lower mode blocked,rerank_only
off_support_corridor,1,3,no_safety_projection,0,1,1,0.00316,-0.02214,0.27371,0.17953,2.66052,1.15002,0.06164,lower,upper,1.0000,0,0.0000,collision_or_blocked_prior_mode,safe upper mode absent from prior and lower mode blocked,no_safety_projection
off_support_corridor,1,3,strong_projection,0,0,1,0.00321,0.01727,0.20500,0.12024,2.74001,0.81598,0.07239,lower,upper,1.0000,0,0.0000,dynamic_violation,safe upper mode absent from prior and lower mode blocked,strong_projection
off_support_corridor,1,3,no_prior_score,0,1,1,0.00413,-0.03785,0.26426,0.27966,2.88011,2.46758,0.38276,upper,upper,0.0000,1,0.0000,collision_or_blocked_prior_mode,safe upper mode absent from prior and lower mode blocked,no_prior_score
off_support_corridor,1,3,overguidance,0,1,1,0.00458,-0.05012,0.65704,1.14283,4.82533,34.03449,0.10184,lower,upper,1.0000,0,0.0000,collision_or_blocked_prior_mode,safe upper mode absent from prior and lower mode blocked,overguidance
off_support_corridor,2,0,full_energy_guided,0,1,1,0.00364,-0.10500,0.35916,0.22950,2.59141,2.61325,0.05637,lower,upper,1.0000,0,0.0000,collision_shortcut_from_guidance,safe upper mode absent from prior and lower mode blocked,full_energy_guided
off_support_corridor,2,0,no_task_gradient,0,1,0,0.00070,-0.28565,0.13445,0.01481,2.46909,6.20086,0.00482,lower,upper,1.0000,0,0.0000,collision_or_blocked_prior_mode,safe upper mode absent from prior and lower mode blocked,no_task_gradient
off_support_corridor,2,0,rerank_only,0,1,0,0.00070,-0.28709,0.13475,0.01358,2.46983,6.20509,0.00448,lower,upper,1.0000,0,0.0000,collision_or_blocked_prior_mode,safe upper mode absent from prior and lower mode blocked,rerank_only
off_support_corridor,2,0,no_safety_projection,0,1,1,0.00360,-0.06046,0.42288,0.32105,2.54855,3.09981,0.06318,lower,upper,1.0000,0,0.0000,collision_or_blocked_prior_mode,safe upper mode absent from prior and lower mode blocked,no_safety_projection
off_support_corridor,2,0,strong_projection,0,0,1,0.00254,0.00331,0.20500,0.17211,2.95512,1.01151,0.11897,lower,upper,1.0000,0,0.0000,dynamic_violation,safe upper mode absent from prior and lower mode blocked,strong_projection
off_support_corridor,2,0,no_prior_score,0,1,1,0.00253,-0.00053,0.26024,0.30849,2.33722,1.85944,0.41205,upper,upper,0.0000,1,0.0000,collision_or_blocked_prior_mode,safe upper mode absent from prior and lower mode blocked,no_prior_score
off_support_corridor,2,0,overguidance,0,1,1,0.00537,-0.12431,0.58275,0.97692,5.13572,31.81246,0.10396,lower,upper,1.0000,0,0.0000,collision_or_blocked_prior_mode,safe upper mode absent from prior and lower mode blocked,overguidance
off_support_corridor,2,1,full_energy_guided,0,1,1,0.00382,-0.04900,0.25545,0.20923,2.63095,1.30659,0.04971,lower,upper,1.0000,0,0.0000,collision_shortcut_from_guidance,safe upper mode absent from prior and lower mode blocked,full_energy_guided
off_support_corridor,2,1,no_task_gradient,0,1,0,0.00070,-0.22729,0.12575,0.01316,2.38488,4.36369,0.00485,lower,upper,1.0000,0,0.0000,collision_or_blocked_prior_mode,safe upper mode absent from prior and lower mode blocked,no_task_gradient
off_support_corridor,2,1,rerank_only,0,1,0,0.00070,-0.22589,0.12624,0.01303,2.38543,4.34229,0.00468,lower,upper,1.0000,0,0.0000,collision_or_blocked_prior_mode,safe upper mode absent from prior and lower mode blocked,rerank_only
off_support_corridor,2,1,no_safety_projection,0,1,1,0.00275,-0.01191,0.26068,0.16059,2.62962,0.99772,0.05787,lower,upper,1.0000,0,0.0000,collision_or_blocked_prior_mode,safe upper mode absent from prior and lower mode blocked,no_safety_projection
off_support_corridor,2,1,strong_projection,0,0,1,0.00303,0.01782,0.20500,0.13155,2.67480,0.79501,0.06370,lower,upper,1.0000,0,0.0000,dynamic_violation,safe upper mode absent from prior and lower mode blocked,strong_projection
off_support_corridor,2,1,no_prior_score,0,1,1,0.00094,-0.05750,0.26970,0.25228,2.40468,1.90388,0.38886,upper,upper,0.0000,1,0.0000,collision_or_blocked_prior_mode,safe upper mode absent from prior and lower mode blocked,no_prior_score
off_support_corridor,2,1,overguidance,0,1,1,0.00400,-0.09520,0.54957,1.07529,5.22837,32.51309,0.10105,lower,upper,1.0000,0,0.0000,collision_or_blocked_prior_mode,safe upper mode absent from prior and lower mode blocked,overguidance
off_support_corridor,2,2,full_energy_guided,0,1,1,0.00376,-0.17421,0.26886,0.30030,2.76268,3.19687,0.05548,lower,upper,1.0000,0,0.0000,collision_shortcut_from_guidance,safe upper mode absent from prior and lower mode blocked,full_energy_guided
off_support_corridor,2,2,no_task_gradient,0,1,0,0.00050,-0.30552,0.13211,0.01272,2.44988,6.81177,0.00484,lower,upper,1.0000,0,0.0000,collision_or_blocked_prior_mode,safe upper mode absent from prior and lower mode blocked,no_task_gradient
off_support_corridor,2,2,rerank_only,0,1,0,0.00050,-0.30277,0.13252,0.01227,2.45063,6.79279,0.00468,lower,upper,1.0000,0,0.0000,collision_or_blocked_prior_mode,safe upper mode absent from prior and lower mode blocked,rerank_only
off_support_corridor,2,2,no_safety_projection,0,1,1,0.00263,-0.09990,0.34574,0.38991,2.68205,3.41012,0.06169,lower,upper,1.0000,0,0.0000,collision_or_blocked_prior_mode,safe upper mode absent from prior and lower mode blocked,no_safety_projection
off_support_corridor,2,2,strong_projection,0,0,1,0.00276,0.00079,0.20500,0.14106,2.93818,1.02001,0.11210,lower,upper,1.0000,0,0.0000,dynamic_violation,safe upper mode absent from prior and lower mode blocked,strong_projection
off_support_corridor,2,2,no_prior_score,0,1,1,0.00174,-0.11033,0.28109,0.32955,2.44808,2.58169,0.25100,lower,upper,1.0000,0,0.0000,collision_or_blocked_prior_mode,safe upper mode absent from prior and lower mode blocked,no_prior_score
off_support_corridor,2,2,overguidance,0,1,1,0.00283,-0.28341,0.50742,0.98743,4.73981,30.96988,0.09441,lower,upper,1.0000,0,0.0000,collision_or_blocked_prior_mode,safe upper mode absent from prior and lower mode blocked,overguidance
off_support_corridor,2,3,full_energy_guided,0,1,1,0.00556,-0.05344,0.20940,0.21231,2.69905,1.49230,0.04978,lower,upper,1.0000,0,0.0000,collision_shortcut_from_guidance,safe upper mode absent from prior and lower mode blocked,full_energy_guided
off_support_corridor,2,3,no_task_gradient,0,1,0,0.00031,-0.22790,0.12413,0.01254,2.38002,4.55217,0.00472,lower,upper,1.0000,0,0.0000,collision_or_blocked_prior_mode,safe upper mode absent from prior and lower mode blocked,no_task_gradient
off_support_corridor,2,3,rerank_only,0,1,0,0.00031,-0.22699,0.12229,0.01337,2.38078,4.52890,0.00419,lower,upper,1.0000,0,0.0000,collision_or_blocked_prior_mode,safe upper mode absent from prior and lower mode blocked,rerank_only
off_support_corridor,2,3,no_safety_projection,0,1,1,0.00323,-0.01138,0.25066,0.14556,2.62841,0.93372,0.05732,lower,upper,1.0000,0,0.0000,collision_or_blocked_prior_mode,safe upper mode absent from prior and lower mode blocked,no_safety_projection
off_support_corridor,2,3,strong_projection,0,0,1,0.00377,0.01787,0.20500,0.12733,2.66829,0.78664,0.06277,lower,upper,1.0000,0,0.0000,dynamic_violation,safe upper mode absent from prior and lower mode blocked,strong_projection
off_support_corridor,2,3,no_prior_score,0,1,1,0.00488,-0.00409,0.26064,0.29610,2.47833,2.26864,0.46823,upper,upper,0.0000,1,0.0000,collision_or_blocked_prior_mode,safe upper mode absent from prior and lower mode blocked,no_prior_score
off_support_corridor,2,3,overguidance,0,1,1,0.00456,-0.05449,0.59887,1.14581,5.03513,34.18090,0.09956,lower,upper,1.0000,0,0.0000,collision_or_blocked_prior_mode,safe upper mode absent from prior and lower mode blocked,overguidance
off_support_corridor,3,0,full_energy_guided,0,1,1,0.00349,-0.06902,0.41619,0.36626,2.69793,3.45140,0.05838,lower,upper,1.0000,0,0.0000,collision_shortcut_from_guidance,safe upper mode absent from prior and lower mode blocked,full_energy_guided
off_support_corridor,3,0,no_task_gradient,0,1,0,0.00075,-0.29350,0.12760,0.01306,2.43503,6.38068,0.00455,lower,upper,1.0000,0,0.0000,collision_or_blocked_prior_mode,safe upper mode absent from prior and lower mode blocked,no_task_gradient
off_support_corridor,3,0,rerank_only,0,1,0,0.00074,-0.29148,0.12956,0.01595,2.43533,6.35661,0.00441,lower,upper,1.0000,0,0.0000,collision_or_blocked_prior_mode,safe upper mode absent from prior and lower mode blocked,rerank_only
off_support_corridor,3,0,no_safety_projection,0,1,1,0.00286,-0.06510,0.41427,0.32340,2.67229,3.05980,0.06257,lower,upper,1.0000,0,0.0000,collision_or_blocked_prior_mode,safe upper mode absent from prior and lower mode blocked,no_safety_projection
off_support_corridor,3,0,strong_projection,0,0,1,0.00260,0.01036,0.20500,0.13125,2.88227,0.91638,0.09378,lower,upper,1.0000,0,0.0000,dynamic_violation,safe upper mode absent from prior and lower mode blocked,strong_projection
off_support_corridor,3,0,no_prior_score,0,1,1,0.00246,-0.10323,0.32386,0.32580,2.88296,3.35726,0.35048,straight,upper,0.0000,0,0.0000,collision_or_blocked_prior_mode,safe upper mode absent from prior and lower mode blocked,no_prior_score
off_support_corridor,3,0,overguidance,0,1,1,0.00439,-0.11434,0.62444,1.14274,5.14156,35.48567,0.10281,lower,upper,1.0000,0,0.0000,collision_or_blocked_prior_mode,safe upper mode absent from prior and lower mode blocked,overguidance
off_support_corridor,3,1,full_energy_guided,0,1,1,0.00345,-0.11559,0.31081,0.26087,2.76109,2.57677,0.04930,lower,upper,1.0000,0,0.0000,collision_shortcut_from_guidance,safe upper mode absent from prior and lower mode blocked,full_energy_guided
off_support_corridor,3,1,no_task_gradient,0,1,0,0.00020,-0.26470,0.12812,0.01609,2.43819,4.97766,0.00398,lower,upper,1.0000,0,0.0000,collision_or_blocked_prior_mode,safe upper mode absent from prior and lower mode blocked,no_task_gradient
off_support_corridor,3,1,rerank_only,0,1,0,0.00019,-0.26231,0.12691,0.01497,2.43833,4.96476,0.00414,lower,upper,1.0000,0,0.0000,collision_or_blocked_prior_mode,safe upper mode absent from prior and lower mode blocked,rerank_only
off_support_corridor,3,1,no_safety_projection,0,1,1,0.00382,-0.10679,0.36395,0.21652,2.62148,2.56367,0.05285,lower,upper,1.0000,0,0.0000,collision_or_blocked_prior_mode,safe upper mode absent from prior and lower mode blocked,no_safety_projection
off_support_corridor,3,1,strong_projection,0,0,1,0.00334,0.00702,0.20500,0.14062,2.82832,0.91531,0.08229,lower,upper,1.0000,0,0.0000,dynamic_violation,safe upper mode absent from prior and lower mode blocked,strong_projection
off_support_corridor,3,1,no_prior_score,0,1,1,0.00539,-0.06181,0.29730,0.22230,2.41654,2.01965,0.23830,lower,upper,1.0000,0,0.0000,collision_or_blocked_prior_mode,safe upper mode absent from prior and lower mode blocked,no_prior_score
off_support_corridor,3,1,overguidance,0,1,1,0.03630,-0.10323,0.68366,1.16729,4.96859,36.67647,0.09951,lower,upper,1.0000,0,0.0000,collision_or_blocked_prior_mode,safe upper mode absent from prior and lower mode blocked,overguidance
off_support_corridor,3,2,full_energy_guided,0,1,1,0.00335,-0.06512,0.25061,0.18600,2.63184,1.26673,0.05925,lower,upper,1.0000,0,0.0000,collision_shortcut_from_guidance,safe upper mode absent from prior and lower mode blocked,full_energy_guided
off_support_corridor,3,2,no_task_gradient,0,1,0,0.00113,-0.25880,0.13095,0.01259,2.39580,6.03680,0.00500,lower,upper,1.0000,0,0.0000,collision_or_blocked_prior_mode,safe upper mode absent from prior and lower mode blocked,no_task_gradient
off_support_corridor,3,2,rerank_only,0,1,0,0.00113,-0.25876,0.12887,0.01350,2.39539,6.02280,0.00503,lower,upper,1.0000,0,0.0000,collision_or_blocked_prior_mode,safe upper mode absent from prior and lower mode blocked,rerank_only
off_support_corridor,3,2,no_safety_projection,0,1,1,0.00309,-0.03239,0.26482,0.15881,2.66099,1.14113,0.06458,lower,upper,1.0000,0,0.0000,collision_or_blocked_prior_mode,safe upper mode absent from prior and lower mode blocked,no_safety_projection
off_support_corridor,3,2,strong_projection,0,0,1,0.00312,0.01735,0.20500,0.11733,2.75105,0.82744,0.07696,lower,upper,1.0000,0,0.0000,dynamic_violation,safe upper mode absent from prior and lower mode blocked,strong_projection
off_support_corridor,3,2,no_prior_score,0,1,1,0.00097,-0.08152,0.29483,0.36215,2.49590,2.82248,0.42306,upper,upper,0.0000,1,0.0000,collision_or_blocked_prior_mode,safe upper mode absent from prior and lower mode blocked,no_prior_score
off_support_corridor,3,2,overguidance,0,1,1,0.00292,-0.17053,0.58853,1.08511,5.10222,33.03740,0.10473,lower,upper,1.0000,0,0.0000,collision_or_blocked_prior_mode,safe upper mode absent from prior and lower mode blocked,overguidance
off_support_corridor,3,3,full_energy_guided,0,1,1,0.00405,-0.09559,0.32761,0.21072,2.58328,2.12231,0.05117,lower,upper,1.0000,0,0.0000,collision_shortcut_from_guidance,safe upper mode absent from prior and lower mode blocked,full_energy_guided
off_support_corridor,3,3,no_task_gradient,0,1,0,0.00103,-0.27236,0.13624,0.01330,2.47437,5.39851,0.00439,lower,upper,1.0000,0,0.0000,collision_or_blocked_prior_mode,safe upper mode absent from prior and lower mode blocked,no_task_gradient
off_support_corridor,3,3,rerank_only,0,1,0,0.00103,-0.26986,0.13560,0.01485,2.47428,5.39845,0.00455,lower,upper,1.0000,0,0.0000,collision_or_blocked_prior_mode,safe upper mode absent from prior and lower mode blocked,rerank_only
off_support_corridor,3,3,no_safety_projection,0,1,1,0.00395,-0.04607,0.39620,0.28550,2.58594,2.57031,0.06053,lower,upper,1.0000,0,0.0000,collision_or_blocked_prior_mode,safe upper mode absent from prior and lower mode blocked,no_safety_projection
off_support_corridor,3,3,strong_projection,0,1,1,0.00316,-0.07092,0.22809,0.14679,2.65665,1.06727,0.09522,lower,upper,1.0000,0,0.0000,collision_or_blocked_prior_mode,safe upper mode absent from prior and lower mode blocked,strong_projection
off_support_corridor,3,3,no_prior_score,0,0,1,0.00661,0.01065,0.23814,0.27671,2.49245,1.65145,0.40254,upper,upper,0.0000,1,0.0000,dynamic_violation,safe upper mode absent from prior and lower mode blocked,no_prior_score
off_support_corridor,3,3,overguidance,0,1,1,0.00447,-0.11567,0.58962,1.10863,5.08186,36.54622,0.09995,lower,upper,1.0000,0,0.0000,collision_or_blocked_prior_mode,safe upper mode absent from prior and lower mode blocked,overguidance
off_support_corridor,4,0,full_energy_guided,0,1,1,0.00536,-0.12032,0.36838,0.24959,2.56357,2.76754,0.05831,lower,upper,1.0000,0,0.0000,collision_shortcut_from_guidance,safe upper mode absent from prior and lower mode blocked,full_energy_guided
off_support_corridor,4,0,no_task_gradient,0,1,0,0.00103,-0.29743,0.13637,0.01665,2.46359,6.57596,0.00464,lower,upper,1.0000,0,0.0000,collision_or_blocked_prior_mode,safe upper mode absent from prior and lower mode blocked,no_task_gradient
off_support_corridor,4,0,rerank_only,0,1,0,0.00103,-0.29960,0.13623,0.01621,2.46287,6.59042,0.00466,lower,upper,1.0000,0,0.0000,collision_or_blocked_prior_mode,safe upper mode absent from prior and lower mode blocked,rerank_only
off_support_corridor,4,0,no_safety_projection,0,1,1,0.00341,-0.08056,0.43592,0.33352,2.52574,3.44479,0.06421,lower,upper,1.0000,0,0.0000,collision_or_blocked_prior_mode,safe upper mode absent from prior and lower mode blocked,no_safety_projection
off_support_corridor,4,0,strong_projection,0,0,1,0.00236,0.00102,0.23087,0.15101,2.95195,1.07160,0.11573,lower,upper,1.0000,0,0.0000,dynamic_violation,safe upper mode absent from prior and lower mode blocked,strong_projection
off_support_corridor,4,0,no_prior_score,0,1,1,0.00146,-0.05747,0.28333,0.28689,2.44129,2.14413,0.36112,upper,upper,0.0000,1,0.0000,collision_or_blocked_prior_mode,safe upper mode absent from prior and lower mode blocked,no_prior_score
off_support_corridor,4,0,overguidance,0,1,1,0.00464,-0.21220,0.50456,0.92083,5.22589,35.65640,0.10431,lower,upper,1.0000,0,0.0000,collision_or_blocked_prior_mode,safe upper mode absent from prior and lower mode blocked,overguidance
off_support_corridor,4,1,full_energy_guided,0,1,1,0.00393,-0.06837,0.25351,0.17917,2.64021,1.38419,0.04556,lower,upper,1.0000,0,0.0000,collision_shortcut_from_guidance,safe upper mode absent from prior and lower mode blocked,full_energy_guided
off_support_corridor,4,1,no_task_gradient,0,1,0,0.00034,-0.24205,0.12664,0.01268,2.41388,4.49045,0.00521,lower,upper,1.0000,0,0.0000,collision_or_blocked_prior_mode,safe upper mode absent from prior and lower mode blocked,no_task_gradient
off_support_corridor,4,1,rerank_only,0,1,0,0.00034,-0.24203,0.12743,0.01286,2.41407,4.50049,0.00523,lower,upper,1.0000,0,0.0000,collision_or_blocked_prior_mode,safe upper mode absent from prior and lower mode blocked,rerank_only
off_support_corridor,4,1,no_safety_projection,0,1,1,0.00282,-0.02683,0.31097,0.21140,2.66178,1.45634,0.05419,lower,upper,1.0000,0,0.0000,collision_or_blocked_prior_mode,safe upper mode absent from prior and lower mode blocked,no_safety_projection
off_support_corridor,4,1,strong_projection,0,0,1,0.00277,0.01614,0.20500,0.13594,2.73416,0.82645,0.06634,lower,upper,1.0000,0,0.0000,dynamic_violation,safe upper mode absent from prior and lower mode blocked,strong_projection
off_support_corridor,4,1,no_prior_score,0,1,1,0.00430,-0.06769,0.30632,0.20630,2.68395,2.17441,0.28982,lower,upper,1.0000,0,0.0000,collision_or_blocked_prior_mode,safe upper mode absent from prior and lower mode blocked,no_prior_score
off_support_corridor,4,1,overguidance,0,1,1,0.00543,-0.09020,0.63368,1.19796,5.02792,34.74534,0.09891,lower,upper,1.0000,0,0.0000,collision_or_blocked_prior_mode,safe upper mode absent from prior and lower mode blocked,overguidance
off_support_corridor,4,2,full_energy_guided,0,1,1,0.00333,-0.07287,0.41516,0.36103,2.56074,3.32731,0.05353,lower,upper,1.0000,0,0.0000,collision_shortcut_from_guidance,safe upper mode absent from prior and lower mode blocked,full_energy_guided
off_support_corridor,4,2,no_task_gradient,0,1,0,0.00050,-0.27862,0.13366,0.01601,2.46081,5.56657,0.00465,lower,upper,1.0000,0,0.0000,collision_or_blocked_prior_mode,safe upper mode absent from prior and lower mode blocked,no_task_gradient
off_support_corridor,4,2,rerank_only,0,1,0,0.00050,-0.27927,0.13435,0.01279,2.46042,5.55756,0.00457,lower,upper,1.0000,0,0.0000,collision_or_blocked_prior_mode,safe upper mode absent from prior and lower mode blocked,rerank_only
off_support_corridor,4,2,no_safety_projection,0,1,1,0.00358,-0.07661,0.40717,0.28221,2.57169,2.90069,0.05963,lower,upper,1.0000,0,0.0000,collision_or_blocked_prior_mode,safe upper mode absent from prior and lower mode blocked,no_safety_projection
off_support_corridor,4,2,strong_projection,0,0,1,0.00262,0.00951,0.20500,0.14767,2.91235,0.96091,0.10284,lower,upper,1.0000,0,0.0000,dynamic_violation,safe upper mode absent from prior and lower mode blocked,strong_projection
off_support_corridor,4,2,no_prior_score,0,1,1,0.00246,-0.05156,0.26417,0.29971,2.46946,1.97778,0.39425,upper,upper,0.0000,1,0.0000,collision_or_blocked_prior_mode,safe upper mode absent from prior and lower mode blocked,no_prior_score
off_support_corridor,4,2,overguidance,0,1,1,0.01796,-0.16948,0.61185,0.80106,5.53070,31.04376,0.10268,lower,upper,1.0000,0,0.0000,collision_or_blocked_prior_mode,safe upper mode absent from prior and lower mode blocked,overguidance
off_support_corridor,4,3,full_energy_guided,0,1,1,0.00341,-0.09405,0.36475,0.27590,2.64603,2.56925,0.05818,lower,upper,1.0000,0,0.0000,collision_shortcut_from_guidance,safe upper mode absent from prior and lower mode blocked,full_energy_guided
off_support_corridor,4,3,no_task_gradient,0,1,0,0.00061,-0.29583,0.12952,0.01336,2.42687,6.64604,0.00406,lower,upper,1.0000,0,0.0000,collision_or_blocked_prior_mode,safe upper mode absent from prior and lower mode blocked,no_task_gradient
off_support_corridor,4,3,rerank_only,0,1,0,0.00061,-0.29503,0.12984,0.01396,2.42695,6.64942,0.00390,lower,upper,1.0000,0,0.0000,collision_or_blocked_prior_mode,safe upper mode absent from prior and lower mode blocked,rerank_only
off_support_corridor,4,3,no_safety_projection,0,1,1,0.00330,-0.06579,0.40732,0.31971,2.66533,2.96767,0.06324,lower,upper,1.0000,0,0.0000,collision_or_blocked_prior_mode,safe upper mode absent from prior and lower mode blocked,no_safety_projection
off_support_corridor,4,3,strong_projection,0,0,1,0.00282,0.01100,0.20500,0.13675,2.87446,0.91434,0.09611,lower,upper,1.0000,0,0.0000,dynamic_violation,safe upper mode absent from prior and lower mode blocked,strong_projection
off_support_corridor,4,3,no_prior_score,0,1,1,0.00420,-0.10879,0.24512,0.25657,2.33923,1.85129,0.25831,lower,upper,1.0000,0,0.0000,collision_or_blocked_prior_mode,safe upper mode absent from prior and lower mode blocked,no_prior_score
off_support_corridor,4,3,overguidance,0,1,1,0.00389,-0.11484,0.58789,1.06980,5.01557,33.14165,0.10413,lower,upper,1.0000,0,0.0000,collision_or_blocked_prior_mode,safe upper mode absent from prior and lower mode blocked,overguidance
off_support_corridor,5,0,full_energy_guided,0,1,1,0.00491,-0.05253,0.22696,0.16855,2.62143,1.21503,0.05096,lower,upper,1.0000,0,0.0000,collision_shortcut_from_guidance,safe upper mode absent from prior and lower mode blocked,full_energy_guided
off_support_corridor,5,0,no_task_gradient,0,1,0,0.00062,-0.23869,0.12366,0.01266,2.37355,5.17609,0.00453,lower,upper,1.0000,0,0.0000,collision_or_blocked_prior_mode,safe upper mode absent from prior and lower mode blocked,no_task_gradient
off_support_corridor,5,0,rerank_only,0,1,0,0.00062,-0.23891,0.12568,0.01438,2.37366,5.17855,0.00462,lower,upper,1.0000,0,0.0000,collision_or_blocked_prior_mode,safe upper mode absent from prior and lower mode blocked,rerank_only
off_support_corridor,5,0,no_safety_projection,0,1,1,0.00303,-0.01031,0.25015,0.14171,2.64017,0.92171,0.05983,lower,upper,1.0000,0,0.0000,collision_or_blocked_prior_mode,safe upper mode absent from prior and lower mode blocked,no_safety_projection
off_support_corridor,5,0,strong_projection,0,0,1,0.00311,0.01792,0.20500,0.11962,2.68358,0.78132,0.06508,lower,upper,1.0000,0,0.0000,dynamic_violation,safe upper mode absent from prior and lower mode blocked,strong_projection
off_support_corridor,5,0,no_prior_score,0,1,1,0.00437,-0.10924,0.30934,0.28432,2.73223,2.93994,0.31137,straight,upper,0.0000,0,0.0000,collision_or_blocked_prior_mode,safe upper mode absent from prior and lower mode blocked,no_prior_score
off_support_corridor,5,0,overguidance,0,1,1,0.00317,-0.07840,0.62085,1.12522,5.03274,33.55970,0.09957,lower,upper,1.0000,0,0.0000,collision_or_blocked_prior_mode,safe upper mode absent from prior and lower mode blocked,overguidance
off_support_corridor,5,1,full_energy_guided,0,1,1,0.00376,-0.12823,0.37917,0.27773,2.80256,3.46387,0.05885,lower,upper,1.0000,0,0.0000,collision_shortcut_from_guidance,safe upper mode absent from prior and lower mode blocked,full_energy_guided
off_support_corridor,5,1,no_task_gradient,0,1,0,0.00069,-0.30164,0.12928,0.01285,2.44425,6.89171,0.00459,lower,upper,1.0000,0,0.0000,collision_or_blocked_prior_mode,safe upper mode absent from prior and lower mode blocked,no_task_gradient
off_support_corridor,5,1,rerank_only,0,1,0,0.00069,-0.29995,0.12946,0.01461,2.44382,6.91776,0.00454,lower,upper,1.0000,0,0.0000,collision_or_blocked_prior_mode,safe upper mode absent from prior and lower mode blocked,rerank_only
off_support_corridor,5,1,no_safety_projection,0,1,1,0.00305,-0.10022,0.43887,0.32729,2.61148,3.67091,0.06190,lower,upper,1.0000,0,0.0000,collision_or_blocked_prior_mode,safe upper mode absent from prior and lower mode blocked,no_safety_projection
off_support_corridor,5,1,strong_projection,0,0,1,0.00258,0.00783,0.20500,0.13250,2.93166,0.98786,0.10436,lower,upper,1.0000,0,0.0000,dynamic_violation,safe upper mode absent from prior and lower mode blocked,strong_projection
off_support_corridor,5,1,no_prior_score,0,1,1,0.00493,-0.05430,0.23507,0.35810,2.57116,2.04565,0.43719,upper,upper,0.0000,1,0.0000,collision_or_blocked_prior_mode,safe upper mode absent from prior and lower mode blocked,no_prior_score
off_support_corridor,5,1,overguidance,0,1,1,0.00503,-0.28352,0.62069,1.17954,4.65623,39.37065,0.10256,lower,upper,1.0000,0,0.0000,collision_or_blocked_prior_mode,safe upper mode absent from prior and lower mode blocked,overguidance
off_support_corridor,5,2,full_energy_guided,0,1,1,0.00371,-0.08638,0.33779,0.22197,2.67003,2.25009,0.06171,lower,upper,1.0000,0,0.0000,collision_shortcut_from_guidance,safe upper mode absent from prior and lower mode blocked,full_energy_guided
off_support_corridor,5,2,no_task_gradient,0,1,0,0.00030,-0.29641,0.12628,0.01318,2.41076,7.00902,0.00441,lower,upper,1.0000,0,0.0000,collision_or_blocked_prior_mode,safe upper mode absent from prior and lower mode blocked,no_task_gradient
off_support_corridor,5,2,rerank_only,0,1,0,0.00030,-0.29622,0.12835,0.01364,2.41074,6.98919,0.00446,lower,upper,1.0000,0,0.0000,collision_or_blocked_prior_mode,safe upper mode absent from prior and lower mode blocked,rerank_only
off_support_corridor,5,2,no_safety_projection,0,1,1,0.00311,-0.06677,0.36189,0.27026,2.65984,2.35202,0.06355,lower,upper,1.0000,0,0.0000,collision_or_blocked_prior_mode,safe upper mode absent from prior and lower mode blocked,no_safety_projection
off_support_corridor,5,2,strong_projection,0,0,1,0.00274,0.01588,0.20500,0.11746,2.84769,0.85931,0.09578,lower,upper,1.0000,0,0.0000,dynamic_violation,safe upper mode absent from prior and lower mode blocked,strong_projection
off_support_corridor,5,2,no_prior_score,0,1,1,0.00452,-0.00599,0.25000,0.30134,2.74086,2.55180,0.38201,upper,upper,0.0000,1,0.0000,collision_or_blocked_prior_mode,safe upper mode absent from prior and lower mode blocked,no_prior_score
off_support_corridor,5,2,overguidance,0,1,1,0.00587,-0.11790,0.59476,1.11161,4.83769,34.24397,0.10479,lower,upper,1.0000,0,0.0000,collision_or_blocked_prior_mode,safe upper mode absent from prior and lower mode blocked,overguidance
off_support_corridor,5,3,full_energy_guided,0,1,1,0.00451,-0.14897,0.27666,0.32881,2.78719,3.01960,0.05153,lower,upper,1.0000,0,0.0000,collision_shortcut_from_guidance,safe upper mode absent from prior and lower mode blocked,full_energy_guided
off_support_corridor,5,3,no_task_gradient,0,1,0,0.00021,-0.27325,0.13379,0.01608,2.45653,5.46195,0.00355,lower,upper,1.0000,0,0.0000,collision_or_blocked_prior_mode,safe upper mode absent from prior and lower mode blocked,no_task_gradient
off_support_corridor,5,3,rerank_only,0,1,0,0.00020,-0.27238,0.13447,0.01880,2.45711,5.43104,0.00382,lower,upper,1.0000,0,0.0000,collision_or_blocked_prior_mode,safe upper mode absent from prior and lower mode blocked,rerank_only
off_support_corridor,5,3,no_safety_projection,0,1,1,0.00332,-0.09828,0.39901,0.26280,2.54944,2.88201,0.05658,lower,upper,1.0000,0,0.0000,collision_or_blocked_prior_mode,safe upper mode absent from prior and lower mode blocked,no_safety_projection
off_support_corridor,5,3,strong_projection,0,0,1,0.00255,0.00736,0.20500,0.14207,2.89582,0.95639,0.09962,lower,upper,1.0000,0,0.0000,dynamic_violation,safe upper mode absent from prior and lower mode blocked,strong_projection
off_support_corridor,5,3,no_prior_score,0,0,1,0.00197,0.01260,0.22028,0.27093,2.74619,1.85088,0.35416,upper,upper,0.0000,1,0.0000,dynamic_violation,safe upper mode absent from prior and lower mode blocked,no_prior_score
off_support_corridor,5,3,overguidance,0,1,1,0.00550,-0.21740,0.62012,1.13187,5.36128,36.99343,0.10124,lower,upper,1.0000,0,0.0000,collision_or_blocked_prior_mode,safe upper mode absent from prior and lower mode blocked,overguidance
off_support_corridor,6,0,full_energy_guided,0,1,1,0.00298,-0.10068,0.34659,0.26297,2.67572,2.46705,0.04670,lower,upper,1.0000,0,0.0000,collision_shortcut_from_guidance,safe upper mode absent from prior and lower mode blocked,full_energy_guided
off_support_corridor,6,0,no_task_gradient,0,1,0,0.00058,-0.26069,0.13493,0.01440,2.44177,4.94381,0.00378,lower,upper,1.0000,0,0.0000,collision_or_blocked_prior_mode,safe upper mode absent from prior and lower mode blocked,no_task_gradient
off_support_corridor,6,0,rerank_only,0,1,0,0.00058,-0.26201,0.13130,0.01401,2.44163,4.93944,0.00376,lower,upper,1.0000,0,0.0000,collision_or_blocked_prior_mode,safe upper mode absent from prior and lower mode blocked,rerank_only
off_support_corridor,6,0,no_safety_projection,0,1,1,0.00308,-0.06217,0.38175,0.27591,2.67671,2.51076,0.05444,lower,upper,1.0000,0,0.0000,collision_or_blocked_prior_mode,safe upper mode absent from prior and lower mode blocked,no_safety_projection
off_support_corridor,6,0,strong_projection,0,0,1,0.00291,0.00662,0.20500,0.14144,2.82951,0.91732,0.08245,lower,upper,1.0000,0,0.0000,dynamic_violation,safe upper mode absent from prior and lower mode blocked,strong_projection
off_support_corridor,6,0,no_prior_score,0,1,1,0.00494,-0.01048,0.26281,0.34475,2.57880,2.15723,0.37858,upper,upper,0.0000,1,0.0000,collision_or_blocked_prior_mode,safe upper mode absent from prior and lower mode blocked,no_prior_score
off_support_corridor,6,0,overguidance,0,1,1,0.00429,-0.22247,0.64888,1.13349,4.71729,36.98692,0.09812,lower,upper,1.0000,0,0.0000,collision_or_blocked_prior_mode,safe upper mode absent from prior and lower mode blocked,overguidance
off_support_corridor,6,1,full_energy_guided,0,1,1,0.00429,-0.11242,0.30289,0.29678,2.84202,2.75923,0.05334,lower,upper,1.0000,0,0.0000,collision_shortcut_from_guidance,safe upper mode absent from prior and lower mode blocked,full_energy_guided
off_support_corridor,6,1,no_task_gradient,0,1,0,0.00107,-0.27464,0.12761,0.01339,2.43310,5.59627,0.00444,lower,upper,1.0000,0,0.0000,collision_or_blocked_prior_mode,safe upper mode absent from prior and lower mode blocked,no_task_gradient
off_support_corridor,6,1,rerank_only,0,1,0,0.00107,-0.27665,0.12844,0.01586,2.43241,5.59272,0.00447,lower,upper,1.0000,0,0.0000,collision_or_blocked_prior_mode,safe upper mode absent from prior and lower mode blocked,rerank_only
off_support_corridor,6,1,no_safety_projection,0,1,1,0.00378,-0.04077,0.41249,0.33171,2.69332,2.90062,0.06218,lower,upper,1.0000,0,0.0000,collision_or_blocked_prior_mode,safe upper mode absent from prior and lower mode blocked,no_safety_projection
off_support_corridor,6,1,strong_projection,0,0,1,0.00288,0.00895,0.20500,0.13279,2.84087,0.89110,0.08604,lower,upper,1.0000,0,0.0000,dynamic_violation,safe upper mode absent from prior and lower mode blocked,strong_projection
off_support_corridor,6,1,no_prior_score,0,1,1,0.00635,-0.11479,0.24396,0.30272,2.48721,2.45045,0.23031,lower,upper,1.0000,0,0.0000,collision_or_blocked_prior_mode,safe upper mode absent from prior and lower mode blocked,no_prior_score
off_support_corridor,6,1,overguidance,0,1,1,0.00490,-0.23153,0.56072,0.86854,5.32345,32.68008,0.10152,lower,upper,1.0000,0,0.0000,collision_or_blocked_prior_mode,safe upper mode absent from prior and lower mode blocked,overguidance
off_support_corridor,6,2,full_energy_guided,0,1,1,0.00413,-0.05390,0.24932,0.14868,2.59835,1.17896,0.05048,lower,upper,1.0000,0,0.0000,collision_shortcut_from_guidance,safe upper mode absent from prior and lower mode blocked,full_energy_guided
off_support_corridor,6,2,no_task_gradient,0,1,0,0.00066,-0.24437,0.12460,0.01489,2.39178,4.91810,0.00443,lower,upper,1.0000,0,0.0000,collision_or_blocked_prior_mode,safe upper mode absent from prior and lower mode blocked,no_task_gradient
off_support_corridor,6,2,rerank_only,0,1,0,0.00066,-0.24172,0.12446,0.01253,2.39176,4.90156,0.00444,lower,upper,1.0000,0,0.0000,collision_or_blocked_prior_mode,safe upper mode absent from prior and lower mode blocked,rerank_only
off_support_corridor,6,2,no_safety_projection,0,1,1,0.00331,-0.01649,0.28152,0.17985,2.65546,1.15896,0.05964,lower,upper,1.0000,0,0.0000,collision_or_blocked_prior_mode,safe upper mode absent from prior and lower mode blocked,no_safety_projection
off_support_corridor,6,2,strong_projection,0,0,1,0.00336,0.01698,0.20500,0.12813,2.71163,0.80447,0.06844,lower,upper,1.0000,0,0.0000,dynamic_violation,safe upper mode absent from prior and lower mode blocked,strong_projection
off_support_corridor,6,2,no_prior_score,0,1,1,0.00232,-0.04599,0.25926,0.23144,2.59177,1.91066,0.36509,upper,upper,0.0000,1,0.0000,collision_or_blocked_prior_mode,safe upper mode absent from prior and lower mode blocked,no_prior_score
off_support_corridor,6,2,overguidance,0,1,1,0.00769,-0.22122,0.58671,1.03119,5.01296,36.62025,0.09770,lower,upper,1.0000,0,0.0000,collision_or_blocked_prior_mode,safe upper mode absent from prior and lower mode blocked,overguidance
off_support_corridor,6,3,full_energy_guided,0,1,1,0.00383,-0.09857,0.39231,0.29705,2.56068,2.90218,0.04873,lower,upper,1.0000,0,0.0000,collision_shortcut_from_guidance,safe upper mode absent from prior and lower mode blocked,full_energy_guided
off_support_corridor,6,3,no_task_gradient,0,1,0,0.00089,-0.26793,0.13356,0.01172,2.44980,5.20331,0.00413,lower,upper,1.0000,0,0.0000,collision_or_blocked_prior_mode,safe upper mode absent from prior and lower mode blocked,no_task_gradient
off_support_corridor,6,3,rerank_only,0,1,0,0.00089,-0.26996,0.13155,0.01657,2.44968,5.22714,0.00411,lower,upper,1.0000,0,0.0000,collision_or_blocked_prior_mode,safe upper mode absent from prior and lower mode blocked,rerank_only
off_support_corridor,6,3,no_safety_projection,0,1,1,0.00324,-0.10703,0.38711,0.24867,2.60860,2.82234,0.05411,lower,upper,1.0000,0,0.0000,collision_or_blocked_prior_mode,safe upper mode absent from prior and lower mode blocked,no_safety_projection
off_support_corridor,6,3,strong_projection,0,0,1,0.00349,0.00654,0.20500,0.14619,2.86606,0.97026,0.09184,lower,upper,1.0000,0,0.0000,dynamic_violation,safe upper mode absent from prior and lower mode blocked,strong_projection
off_support_corridor,6,3,no_prior_score,0,1,1,0.00171,-0.08551,0.28327,0.32836,2.93370,3.12950,0.33994,upper,upper,0.0000,1,0.0000,collision_or_blocked_prior_mode,safe upper mode absent from prior and lower mode blocked,no_prior_score
off_support_corridor,6,3,overguidance,0,1,1,0.03370,-0.10480,0.67509,0.84725,5.46903,32.49214,0.09860,lower,upper,1.0000,0,0.0000,collision_or_blocked_prior_mode,safe upper mode absent from prior and lower mode blocked,overguidance
