split,seed,task_id,method,success,collision,dynamic_violation,goal_error,min_clearance,max_speed,max_accel,path_length,task_energy,support_distance,mode,target_mode,mode_frequency_in_prior,mode_escape,target_support_frequency,failure_label,description,stress_level
support_gap_sweep,0,0,energy_rerank_unguided,1,0,0,0.00129,0.21464,0.13548,0.01338,2.47258,0.45334,0.00465,upper,upper,0.5000,0,0.5000,success,support frequency sweep upper=0.50,0.0
support_gap_sweep,0,0,energy_guided_diffusion,1,0,0,0.00272,0.20489,0.13330,0.06473,2.49419,0.54255,0.00712,upper,upper,0.5000,0,0.5000,success,support frequency sweep upper=0.50,0.0
support_gap_sweep,0,0,strong_guided_diffusion,1,0,0,0.00363,0.21429,0.13177,0.01255,2.46909,0.45253,0.00435,upper,upper,0.5000,0,0.5000,success,support frequency sweep upper=0.50,0.0
support_gap_sweep,0,0,cem_trajectory_optimizer,1,0,0,0.00245,0.21216,0.13515,0.02061,2.47555,0.45715,0.00000,upper,upper,0.5000,0,0.5000,success,support frequency sweep upper=0.50,0.0
support_gap_sweep,0,0,grid_oracle,1,0,0,0.00027,0.21290,0.13433,0.01049,2.47041,0.45192,0.00377,upper,upper,0.5000,0,0.5000,success,support frequency sweep upper=0.50,0.0
support_gap_sweep,0,1,energy_rerank_unguided,1,0,0,0.00030,0.25775,0.12317,0.01233,2.39367,0.43772,0.00511,upper,upper,0.5000,0,0.5000,success,support frequency sweep upper=0.50,0.0
support_gap_sweep,0,1,energy_guided_diffusion,1,0,0,0.00534,0.25413,0.12398,0.03077,2.39601,0.46392,0.00601,upper,upper,0.5000,0,0.5000,success,support frequency sweep upper=0.50,0.0
support_gap_sweep,0,1,strong_guided_diffusion,1,0,0,0.00354,0.25656,0.12464,0.01221,2.39000,0.43694,0.00549,upper,upper,0.5000,0,0.5000,success,support frequency sweep upper=0.50,0.0
support_gap_sweep,0,1,cem_trajectory_optimizer,1,0,0,0.00097,0.26101,0.12513,0.01911,2.39854,0.44105,0.00000,upper,upper,0.5000,0,0.5000,success,support frequency sweep upper=0.50,0.0
support_gap_sweep,0,1,grid_oracle,1,0,0,0.00014,0.25956,0.12523,0.01035,2.39565,0.43725,0.00591,upper,upper,0.5000,0,0.5000,success,support frequency sweep upper=0.50,0.0
support_gap_sweep,1,0,energy_rerank_unguided,1,0,0,0.00079,0.25782,0.12581,0.01389,2.41865,0.44276,0.00488,upper,upper,0.5000,0,0.5000,success,support frequency sweep upper=0.50,0.0
support_gap_sweep,1,0,energy_guided_diffusion,1,0,0,0.00253,0.24619,0.12500,0.06437,2.44220,0.53104,0.00699,upper,upper,0.5000,0,0.5000,success,support frequency sweep upper=0.50,0.0
support_gap_sweep,1,0,strong_guided_diffusion,1,0,0,0.00262,0.25803,0.12363,0.01425,2.41614,0.44219,0.00473,upper,upper,0.5000,0,0.5000,success,support frequency sweep upper=0.50,0.0
support_gap_sweep,1,0,cem_trajectory_optimizer,1,0,0,0.00224,0.24822,0.12813,0.01826,2.42037,0.44576,0.00000,upper,upper,0.5000,0,0.5000,success,support frequency sweep upper=0.50,0.0
support_gap_sweep,1,0,grid_oracle,1,0,0,0.00033,0.25524,0.12627,0.01063,2.41787,0.44174,0.00473,upper,upper,0.5000,0,0.5000,success,support frequency sweep upper=0.50,0.0
support_gap_sweep,1,1,energy_rerank_unguided,1,0,0,0.00153,0.33527,0.12367,0.01186,2.36870,0.43292,0.00555,upper,upper,0.5000,0,0.5000,success,support frequency sweep upper=0.50,0.0
support_gap_sweep,1,1,energy_guided_diffusion,1,0,0,0.00375,0.32993,0.12539,0.05848,2.38684,0.50866,0.00705,upper,upper,0.5000,0,0.5000,success,support frequency sweep upper=0.50,0.0
support_gap_sweep,1,1,strong_guided_diffusion,1,0,0,0.00353,0.33684,0.12412,0.01094,2.36474,0.43212,0.00546,upper,upper,0.5000,0,0.5000,success,support frequency sweep upper=0.50,0.0
support_gap_sweep,1,1,cem_trajectory_optimizer,1,0,0,0.00180,0.32755,0.12004,0.01824,2.35972,0.43370,0.00000,upper,upper,0.5000,0,0.5000,success,support frequency sweep upper=0.50,0.0
support_gap_sweep,1,1,grid_oracle,1,0,0,0.00065,0.33606,0.12361,0.01026,2.36932,0.43205,0.00574,upper,upper,0.5000,0,0.5000,success,support frequency sweep upper=0.50,0.0
support_gap_sweep,2,0,energy_rerank_unguided,1,0,0,0.00098,0.18420,0.13333,0.01350,2.45638,0.44985,0.00480,upper,upper,0.5000,0,0.5000,success,support frequency sweep upper=0.50,0.0
support_gap_sweep,2,0,energy_guided_diffusion,1,0,0,0.00266,0.17621,0.13363,0.04981,2.46382,0.51107,0.00655,upper,upper,0.5000,0,0.5000,success,support frequency sweep upper=0.50,0.0
support_gap_sweep,2,0,strong_guided_diffusion,1,0,0,0.00333,0.18282,0.13050,0.01225,2.45213,0.44904,0.00491,upper,upper,0.5000,0,0.5000,success,support frequency sweep upper=0.50,0.0
support_gap_sweep,2,0,cem_trajectory_optimizer,1,0,0,0.00305,0.17583,0.13457,0.01951,2.45218,0.45269,0.00000,upper,upper,0.5000,0,0.5000,success,support frequency sweep upper=0.50,0.0
support_gap_sweep,2,0,grid_oracle,1,0,0,0.00080,0.18170,0.13556,0.01022,2.45713,0.44921,0.00474,upper,upper,0.5000,0,0.5000,success,support frequency sweep upper=0.50,0.0
support_gap_sweep,2,1,energy_rerank_unguided,1,0,0,0.00098,0.27024,0.12806,0.01667,2.39537,0.43841,0.00481,upper,upper,0.5000,0,0.5000,success,support frequency sweep upper=0.50,0.0
support_gap_sweep,2,1,energy_guided_diffusion,1,0,0,0.00379,0.26714,0.12789,0.03065,2.39345,0.46197,0.00574,upper,upper,0.5000,0,0.5000,success,support frequency sweep upper=0.50,0.0
support_gap_sweep,2,1,strong_guided_diffusion,1,0,0,0.00230,0.27179,0.12692,0.01324,2.39215,0.43705,0.00517,upper,upper,0.5000,0,0.5000,success,support frequency sweep upper=0.50,0.0
support_gap_sweep,2,1,cem_trajectory_optimizer,1,0,0,0.00126,0.26950,0.12971,0.01675,2.39425,0.43868,0.00000,upper,upper,0.5000,0,0.5000,success,support frequency sweep upper=0.50,0.0
support_gap_sweep,2,1,grid_oracle,1,0,0,0.00041,0.26674,0.12780,0.01057,2.39494,0.43710,0.00500,upper,upper,0.5000,0,0.5000,success,support frequency sweep upper=0.50,0.0
support_gap_sweep,3,0,energy_rerank_unguided,1,0,0,0.00043,0.25179,0.13225,0.01212,2.44537,0.44772,0.00491,upper,upper,0.5000,0,0.5000,success,support frequency sweep upper=0.50,0.0
support_gap_sweep,3,0,energy_guided_diffusion,1,0,0,0.00419,0.24037,0.12932,0.04935,2.45507,0.49633,0.00612,upper,upper,0.5000,0,0.5000,success,support frequency sweep upper=0.50,0.0
support_gap_sweep,3,0,strong_guided_diffusion,1,0,0,0.00392,0.24944,0.12871,0.01304,2.43938,0.44695,0.00467,upper,upper,0.5000,0,0.5000,success,support frequency sweep upper=0.50,0.0
support_gap_sweep,3,0,cem_trajectory_optimizer,1,0,0,0.00200,0.24178,0.13436,0.01854,2.44649,0.44988,0.00000,upper,upper,0.5000,0,0.5000,success,support frequency sweep upper=0.50,0.0
support_gap_sweep,3,0,grid_oracle,1,0,0,0.00060,0.25033,0.13230,0.01006,2.44479,0.44684,0.00460,upper,upper,0.5000,0,0.5000,success,support frequency sweep upper=0.50,0.0
support_gap_sweep,3,1,energy_rerank_unguided,1,0,0,0.00032,0.27859,0.12513,0.01186,2.39327,0.43734,0.00560,upper,upper,0.5000,0,0.5000,success,support frequency sweep upper=0.50,0.0
support_gap_sweep,3,1,energy_guided_diffusion,1,0,0,0.00406,0.27445,0.12538,0.04124,2.39609,0.47575,0.00659,upper,upper,0.5000,0,0.5000,success,support frequency sweep upper=0.50,0.0
support_gap_sweep,3,1,strong_guided_diffusion,1,0,0,0.00327,0.27695,0.12601,0.01056,2.38973,0.43661,0.00556,upper,upper,0.5000,0,0.5000,success,support frequency sweep upper=0.50,0.0
support_gap_sweep,3,1,cem_trajectory_optimizer,1,0,0,0.00295,0.27061,0.12562,0.01776,2.38525,0.43986,0.00000,upper,upper,0.5000,0,0.5000,success,support frequency sweep upper=0.50,0.0
support_gap_sweep,3,1,grid_oracle,1,0,0,0.00071,0.27992,0.12621,0.00955,2.39476,0.43697,0.00573,upper,upper,0.5000,0,0.5000,success,support frequency sweep upper=0.50,0.0
support_gap_sweep,4,0,energy_rerank_unguided,1,0,0,0.00028,0.20563,0.12704,0.01245,2.40123,0.43945,0.00479,upper,upper,0.5000,0,0.5000,success,support frequency sweep upper=0.50,0.0
support_gap_sweep,4,0,energy_guided_diffusion,1,0,0,0.00474,0.20171,0.12585,0.03590,2.40049,0.47500,0.00584,upper,upper,0.5000,0,0.5000,success,support frequency sweep upper=0.50,0.0
support_gap_sweep,4,0,strong_guided_diffusion,1,0,0,0.00380,0.20808,0.12243,0.01403,2.39674,0.43879,0.00446,upper,upper,0.5000,0,0.5000,success,support frequency sweep upper=0.50,0.0
support_gap_sweep,4,0,cem_trajectory_optimizer,1,0,0,0.00407,0.18777,0.12329,0.02360,2.39712,0.44353,0.00000,upper,upper,0.5000,0,0.5000,success,support frequency sweep upper=0.50,0.0
support_gap_sweep,4,0,grid_oracle,1,0,0,0.00097,0.20972,0.12662,0.01034,2.40349,0.43898,0.00460,upper,upper,0.5000,0,0.5000,success,support frequency sweep upper=0.50,0.0
support_gap_sweep,4,1,energy_rerank_unguided,1,0,0,0.00150,0.22256,0.13091,0.01233,2.42507,0.44406,0.00339,upper,upper,0.5000,0,0.5000,success,support frequency sweep upper=0.50,0.0
support_gap_sweep,4,1,energy_guided_diffusion,1,0,0,0.00433,0.21479,0.12494,0.04730,2.42880,0.48571,0.00512,upper,upper,0.5000,0,0.5000,success,support frequency sweep upper=0.50,0.0
support_gap_sweep,4,1,strong_guided_diffusion,1,0,0,0.00367,0.22353,0.12522,0.01180,2.41941,0.44277,0.00377,upper,upper,0.5000,0,0.5000,success,support frequency sweep upper=0.50,0.0
support_gap_sweep,4,1,cem_trajectory_optimizer,1,0,0,0.00475,0.22830,0.13354,0.02089,2.43354,0.45026,0.00000,upper,upper,0.5000,0,0.5000,success,support frequency sweep upper=0.50,0.0
support_gap_sweep,4,1,grid_oracle,1,0,0,0.00014,0.21995,0.12799,0.01117,2.42195,0.44244,0.00395,upper,upper,0.5000,0,0.5000,success,support frequency sweep upper=0.50,0.0
support_gap_sweep,5,0,energy_rerank_unguided,1,0,0,0.00144,0.22238,0.13195,0.01480,2.43934,0.44661,0.00595,upper,upper,0.5000,0,0.5000,success,support frequency sweep upper=0.50,0.0
support_gap_sweep,5,0,energy_guided_diffusion,1,0,0,0.00518,0.21839,0.13206,0.04308,2.44239,0.50913,0.00724,upper,upper,0.5000,0,0.5000,success,support frequency sweep upper=0.50,0.0
support_gap_sweep,5,0,strong_guided_diffusion,1,0,0,0.00362,0.22186,0.12832,0.01738,2.43503,0.44696,0.00569,upper,upper,0.5000,0,0.5000,success,support frequency sweep upper=0.50,0.0
support_gap_sweep,5,0,cem_trajectory_optimizer,1,0,0,0.00246,0.21798,0.13206,0.01669,2.43665,0.44950,0.00000,upper,upper,0.5000,0,0.5000,success,support frequency sweep upper=0.50,0.0
support_gap_sweep,5,0,grid_oracle,1,0,0,0.00110,0.22731,0.13401,0.01125,2.44097,0.44626,0.00524,upper,upper,0.5000,0,0.5000,success,support frequency sweep upper=0.50,0.0
support_gap_sweep,5,1,energy_rerank_unguided,1,0,0,0.00080,0.25409,0.12697,0.01302,2.41160,0.44114,0.00414,upper,upper,0.5000,0,0.5000,success,support frequency sweep upper=0.50,0.0
support_gap_sweep,5,1,energy_guided_diffusion,1,0,0,0.00418,0.25281,0.12446,0.02988,2.40827,0.46215,0.00515,upper,upper,0.5000,0,0.5000,success,support frequency sweep upper=0.50,0.0
support_gap_sweep,5,1,strong_guided_diffusion,1,0,0,0.00359,0.25307,0.12447,0.01273,2.40658,0.44028,0.00437,upper,upper,0.5000,0,0.5000,success,support frequency sweep upper=0.50,0.0
support_gap_sweep,5,1,cem_trajectory_optimizer,1,0,0,0.00332,0.27346,0.12846,0.01673,2.43301,0.44745,0.00000,upper,upper,0.5000,0,0.5000,success,support frequency sweep upper=0.50,0.0
support_gap_sweep,5,1,grid_oracle,1,0,0,0.00041,0.25812,0.12555,0.01167,2.41361,0.44103,0.00545,upper,upper,0.5000,0,0.5000,success,support frequency sweep upper=0.50,0.0
support_gap_sweep,6,0,energy_rerank_unguided,1,0,0,0.00072,0.17926,0.13120,0.01250,2.46211,0.45134,0.00564,upper,upper,0.5000,0,0.5000,success,support frequency sweep upper=0.50,0.0
support_gap_sweep,6,0,energy_guided_diffusion,1,0,0,0.00322,0.17841,0.12918,0.04163,2.46257,0.49062,0.00643,upper,upper,0.5000,0,0.5000,success,support frequency sweep upper=0.50,0.0
support_gap_sweep,6,0,strong_guided_diffusion,1,0,0,0.00332,0.17906,0.12816,0.01144,2.45772,0.45037,0.00518,upper,upper,0.5000,0,0.5000,success,support frequency sweep upper=0.50,0.0
support_gap_sweep,6,0,cem_trajectory_optimizer,1,0,0,0.00210,0.19088,0.13200,0.01970,2.48036,0.45601,0.00000,upper,upper,0.5000,0,0.5000,success,support frequency sweep upper=0.50,0.0
support_gap_sweep,6,0,grid_oracle,1,0,0,0.00008,0.17858,0.13173,0.01080,2.46130,0.45008,0.00561,upper,upper,0.5000,0,0.5000,success,support frequency sweep upper=0.50,0.0
support_gap_sweep,6,1,energy_rerank_unguided,1,0,0,0.00104,0.25282,0.12679,0.01390,2.42273,0.44363,0.00431,upper,upper,0.5000,0,0.5000,success,support frequency sweep upper=0.50,0.0
support_gap_sweep,6,1,energy_guided_diffusion,1,0,0,0.00238,0.25211,0.12754,0.02445,2.42119,0.46115,0.00495,upper,upper,0.5000,0,0.5000,success,support frequency sweep upper=0.50,0.0
support_gap_sweep,6,1,strong_guided_diffusion,1,0,0,0.00356,0.25204,0.12540,0.01247,2.41902,0.44338,0.00442,upper,upper,0.5000,0,0.5000,success,support frequency sweep upper=0.50,0.0
support_gap_sweep,6,1,cem_trajectory_optimizer,1,0,0,0.00113,0.24055,0.13107,0.01732,2.43005,0.44756,0.00000,upper,upper,0.5000,0,0.5000,success,support frequency sweep upper=0.50,0.0
support_gap_sweep,6,1,grid_oracle,1,0,0,0.00067,0.25618,0.12798,0.01072,2.42172,0.44239,0.00468,upper,upper,0.5000,0,0.5000,success,support frequency sweep upper=0.50,0.0
support_gap_sweep,0,0,energy_rerank_unguided,1,0,0,0.00148,0.24636,0.13325,0.01398,2.45379,0.44979,0.00517,upper,upper,0.4000,0,0.4000,success,support frequency sweep upper=0.40,0.2
support_gap_sweep,0,0,energy_guided_diffusion,1,0,0,0.00362,0.24566,0.13022,0.03912,2.45427,0.48426,0.00575,upper,upper,0.4000,0,0.4000,success,support frequency sweep upper=0.40,0.2
support_gap_sweep,0,0,strong_guided_diffusion,1,0,0,0.00307,0.24726,0.12864,0.01519,2.44945,0.44886,0.00470,upper,upper,0.4000,0,0.4000,success,support frequency sweep upper=0.40,0.2
support_gap_sweep,0,0,cem_trajectory_optimizer,1,0,0,0.00288,0.23827,0.13294,0.01956,2.45550,0.45254,0.00000,upper,upper,0.4000,0,0.4000,success,support frequency sweep upper=0.40,0.2
support_gap_sweep,0,0,grid_oracle,1,0,0,0.00106,0.24631,0.13196,0.01129,2.45322,0.44870,0.00545,upper,upper,0.4000,0,0.4000,success,support frequency sweep upper=0.40,0.2
support_gap_sweep,0,1,energy_rerank_unguided,1,0,0,0.00161,0.15412,0.13369,0.01439,2.45997,0.45089,0.00434,upper,upper,0.4000,0,0.4000,success,support frequency sweep upper=0.40,0.2
support_gap_sweep,0,1,energy_guided_diffusion,1,0,0,0.00426,0.14700,0.13068,0.04490,2.47036,0.50343,0.00575,upper,upper,0.4000,0,0.4000,success,support frequency sweep upper=0.40,0.2
support_gap_sweep,0,1,strong_guided_diffusion,1,0,0,0.00317,0.15211,0.13151,0.01573,2.45824,0.45046,0.00415,upper,upper,0.4000,0,0.4000,success,support frequency sweep upper=0.40,0.2
support_gap_sweep,0,1,cem_trajectory_optimizer,1,0,0,0.00164,0.16740,0.13132,0.01923,2.46568,0.45402,0.00000,upper,upper,0.4000,0,0.4000,success,support frequency sweep upper=0.40,0.2
support_gap_sweep,0,1,grid_oracle,1,0,0,0.00065,0.15945,0.13316,0.01197,2.46230,0.45042,0.00449,upper,upper,0.4000,0,0.4000,success,support frequency sweep upper=0.40,0.2
support_gap_sweep,1,0,energy_rerank_unguided,1,0,0,0.00051,0.24965,0.13356,0.01227,2.46391,0.45128,0.00579,upper,upper,0.4000,0,0.4000,success,support frequency sweep upper=0.40,0.2
support_gap_sweep,1,0,energy_guided_diffusion,1,0,0,0.00327,0.24383,0.13228,0.04377,2.46790,0.51138,0.00712,upper,upper,0.4000,0,0.4000,success,support frequency sweep upper=0.40,0.2
support_gap_sweep,1,0,strong_guided_diffusion,1,0,0,0.00383,0.25085,0.13044,0.01301,2.45803,0.45032,0.00574,upper,upper,0.4000,0,0.4000,success,support frequency sweep upper=0.40,0.2
support_gap_sweep,1,0,cem_trajectory_optimizer,1,0,0,0.00220,0.23404,0.13330,0.02827,2.46120,0.46540,0.01263,upper,upper,0.4000,0,0.4000,success,support frequency sweep upper=0.40,0.2
support_gap_sweep,1,0,grid_oracle,1,0,0,0.00076,0.25291,0.13371,0.01078,2.46481,0.45077,0.00547,upper,upper,0.4000,0,0.4000,success,support frequency sweep upper=0.40,0.2
support_gap_sweep,1,1,energy_rerank_unguided,1,0,0,0.00098,0.22336,0.13383,0.01266,2.46725,0.45243,0.00494,upper,upper,0.4000,0,0.4000,success,support frequency sweep upper=0.40,0.2
support_gap_sweep,1,1,energy_guided_diffusion,1,0,0,0.00298,0.21610,0.13345,0.03679,2.47043,0.47720,0.00547,upper,upper,0.4000,0,0.4000,success,support frequency sweep upper=0.40,0.2
support_gap_sweep,1,1,strong_guided_diffusion,1,0,0,0.00290,0.22249,0.13222,0.01374,2.46359,0.45135,0.00504,upper,upper,0.4000,0,0.4000,success,support frequency sweep upper=0.40,0.2
support_gap_sweep,1,1,cem_trajectory_optimizer,1,0,0,0.00236,0.21125,0.13524,0.01715,2.46007,0.45194,0.00000,upper,upper,0.4000,0,0.4000,success,support frequency sweep upper=0.40,0.2
support_gap_sweep,1,1,grid_oracle,1,0,0,0.00035,0.22208,0.13473,0.01093,2.46383,0.45062,0.00446,upper,upper,0.4000,0,0.4000,success,support frequency sweep upper=0.40,0.2
support_gap_sweep,2,0,energy_rerank_unguided,1,0,0,0.00048,0.24578,0.13358,0.01363,2.45655,0.44985,0.00413,upper,upper,0.4000,0,0.4000,success,support frequency sweep upper=0.40,0.2
support_gap_sweep,2,0,energy_guided_diffusion,1,0,0,0.00348,0.24556,0.13157,0.03075,2.45515,0.46629,0.00481,upper,upper,0.4000,0,0.4000,success,support frequency sweep upper=0.40,0.2
support_gap_sweep,2,0,strong_guided_diffusion,1,0,0,0.00370,0.24715,0.13128,0.01136,2.45161,0.44897,0.00444,upper,upper,0.4000,0,0.4000,success,support frequency sweep upper=0.40,0.2
support_gap_sweep,2,0,cem_trajectory_optimizer,1,0,0,0.00390,0.23795,0.13619,0.01973,2.45541,0.45299,0.00000,upper,upper,0.4000,0,0.4000,success,support frequency sweep upper=0.40,0.2
support_gap_sweep,2,0,grid_oracle,1,0,0,0.00088,0.24936,0.13534,0.01022,2.45597,0.44915,0.00483,upper,upper,0.4000,0,0.4000,success,support frequency sweep upper=0.40,0.2
support_gap_sweep,2,1,energy_rerank_unguided,1,0,0,0.00174,0.24027,0.12801,0.01380,2.41168,0.44135,0.00621,upper,upper,0.4000,0,0.4000,success,support frequency sweep upper=0.40,0.2
support_gap_sweep,2,1,energy_guided_diffusion,1,0,0,0.00278,0.23745,0.12765,0.05836,2.42933,0.51713,0.00784,upper,upper,0.4000,0,0.4000,success,support frequency sweep upper=0.40,0.2
support_gap_sweep,2,1,strong_guided_diffusion,1,0,0,0.00330,0.24058,0.12825,0.01292,2.40803,0.44076,0.00632,upper,upper,0.4000,0,0.4000,success,support frequency sweep upper=0.40,0.2
support_gap_sweep,2,1,cem_trajectory_optimizer,1,0,0,0.00175,0.22788,0.12820,0.01971,2.40804,0.44500,0.00000,upper,upper,0.4000,0,0.4000,success,support frequency sweep upper=0.40,0.2
support_gap_sweep,2,1,grid_oracle,1,0,0,0.00116,0.23969,0.12937,0.01075,2.41228,0.44060,0.00626,upper,upper,0.4000,0,0.4000,success,support frequency sweep upper=0.40,0.2
support_gap_sweep,3,0,energy_rerank_unguided,1,0,0,0.00058,0.17866,0.13233,0.01196,2.45541,0.44965,0.00392,upper,upper,0.4000,0,0.4000,success,support frequency sweep upper=0.40,0.2
support_gap_sweep,3,0,energy_guided_diffusion,1,0,0,0.00372,0.17229,0.12888,0.03737,2.45593,0.46997,0.00467,upper,upper,0.4000,0,0.4000,success,support frequency sweep upper=0.40,0.2
support_gap_sweep,3,0,strong_guided_diffusion,1,0,0,0.00348,0.17765,0.12952,0.01257,2.45082,0.44913,0.00400,upper,upper,0.4000,0,0.4000,success,support frequency sweep upper=0.40,0.2
support_gap_sweep,3,0,cem_trajectory_optimizer,1,0,0,0.00112,0.15744,0.13338,0.01949,2.45304,0.45334,0.00000,upper,upper,0.4000,0,0.4000,success,support frequency sweep upper=0.40,0.2
support_gap_sweep,3,0,grid_oracle,1,0,0,0.00089,0.17854,0.13224,0.01033,2.45495,0.44886,0.00419,upper,upper,0.4000,0,0.4000,success,support frequency sweep upper=0.40,0.2
support_gap_sweep,3,1,energy_rerank_unguided,1,0,0,0.00093,0.29744,0.12343,0.01116,2.37080,0.43319,0.00435,upper,upper,0.4000,0,0.4000,success,support frequency sweep upper=0.40,0.2
support_gap_sweep,3,1,energy_guided_diffusion,1,0,0,0.00443,0.28754,0.12333,0.05472,2.38981,0.50220,0.00631,upper,upper,0.4000,0,0.4000,success,support frequency sweep upper=0.40,0.2
support_gap_sweep,3,1,strong_guided_diffusion,1,0,0,0.00312,0.29702,0.12371,0.01106,2.36831,0.43244,0.00422,upper,upper,0.4000,0,0.4000,success,support frequency sweep upper=0.40,0.2
support_gap_sweep,3,1,cem_trajectory_optimizer,1,0,0,0.00183,0.30007,0.12487,0.02032,2.37316,0.43714,0.00000,upper,upper,0.4000,0,0.4000,success,support frequency sweep upper=0.40,0.2
support_gap_sweep,3,1,grid_oracle,1,0,0,0.00081,0.30025,0.12436,0.00961,2.37364,0.43289,0.00515,upper,upper,0.4000,0,0.4000,success,support frequency sweep upper=0.40,0.2
support_gap_sweep,4,0,energy_rerank_unguided,1,0,0,0.00089,0.26784,0.12961,0.01494,2.43657,0.44638,0.00491,upper,upper,0.4000,0,0.4000,success,support frequency sweep upper=0.40,0.2
support_gap_sweep,4,0,energy_guided_diffusion,1,0,0,0.00407,0.25853,0.12642,0.05295,2.44895,0.52025,0.00691,upper,upper,0.4000,0,0.4000,success,support frequency sweep upper=0.40,0.2
support_gap_sweep,4,0,strong_guided_diffusion,1,0,0,0.00371,0.26849,0.12740,0.01150,2.43236,0.44527,0.00490,upper,upper,0.4000,0,0.4000,success,support frequency sweep upper=0.40,0.2
support_gap_sweep,4,0,cem_trajectory_optimizer,1,0,0,0.00308,0.27051,0.12764,0.01483,2.44075,0.44939,0.00977,upper,upper,0.4000,0,0.4000,success,support frequency sweep upper=0.40,0.2
support_gap_sweep,4,0,grid_oracle,1,0,0,0.00046,0.26820,0.12759,0.01078,2.43377,0.44473,0.00497,upper,upper,0.4000,0,0.4000,success,support frequency sweep upper=0.40,0.2
support_gap_sweep,4,1,energy_rerank_unguided,1,0,0,0.00090,0.26472,0.12750,0.01306,2.39006,0.43733,0.00431,upper,upper,0.4000,0,0.4000,success,support frequency sweep upper=0.40,0.2
support_gap_sweep,4,1,energy_guided_diffusion,1,0,0,0.00407,0.26086,0.12752,0.05769,2.39697,0.51880,0.00667,upper,upper,0.4000,0,0.4000,success,support frequency sweep upper=0.40,0.2
support_gap_sweep,4,1,strong_guided_diffusion,1,0,0,0.00301,0.26372,0.12684,0.01466,2.38640,0.43644,0.00420,upper,upper,0.4000,0,0.4000,success,support frequency sweep upper=0.40,0.2
support_gap_sweep,4,1,cem_trajectory_optimizer,1,0,0,0.00579,0.24669,0.12646,0.01536,2.37337,0.43626,0.00000,upper,upper,0.4000,0,0.4000,success,support frequency sweep upper=0.40,0.2
support_gap_sweep,4,1,grid_oracle,1,0,0,0.00135,0.26690,0.12702,0.00998,2.38989,0.43616,0.00408,upper,upper,0.4000,0,0.4000,success,support frequency sweep upper=0.40,0.2
support_gap_sweep,5,0,energy_rerank_unguided,1,0,0,0.00092,0.20531,0.13370,0.01344,2.46546,0.45175,0.00429,upper,upper,0.4000,0,0.4000,success,support frequency sweep upper=0.40,0.2
support_gap_sweep,5,0,energy_guided_diffusion,1,0,0,0.00312,0.19905,0.13187,0.04318,2.47426,0.49842,0.00583,upper,upper,0.4000,0,0.4000,success,support frequency sweep upper=0.40,0.2
support_gap_sweep,5,0,strong_guided_diffusion,1,0,0,0.00312,0.20280,0.13286,0.01436,2.46163,0.45141,0.00456,upper,upper,0.4000,0,0.4000,success,support frequency sweep upper=0.40,0.2
support_gap_sweep,5,0,cem_trajectory_optimizer,1,0,0,0.00302,0.20374,0.13494,0.01786,2.47265,0.45551,0.00000,upper,upper,0.4000,0,0.4000,success,support frequency sweep upper=0.40,0.2
support_gap_sweep,5,0,grid_oracle,1,0,0,0.00088,0.20397,0.13411,0.01207,2.46558,0.45108,0.00416,upper,upper,0.4000,0,0.4000,success,support frequency sweep upper=0.40,0.2
support_gap_sweep,5,1,energy_rerank_unguided,1,0,0,0.00023,0.24126,0.12876,0.01414,2.39554,0.43798,0.00490,upper,upper,0.4000,0,0.4000,success,support frequency sweep upper=0.40,0.2
support_gap_sweep,5,1,energy_guided_diffusion,1,0,0,0.00356,0.23019,0.12717,0.06240,2.41444,0.51726,0.00718,upper,upper,0.4000,0,0.4000,success,support frequency sweep upper=0.40,0.2
support_gap_sweep,5,1,strong_guided_diffusion,1,0,0,0.00347,0.24212,0.12828,0.01179,2.39043,0.43693,0.00514,upper,upper,0.4000,0,0.4000,success,support frequency sweep upper=0.40,0.2
support_gap_sweep,5,1,cem_trajectory_optimizer,1,0,0,0.00347,0.24009,0.12720,0.01410,2.39479,0.43914,0.00000,upper,upper,0.4000,0,0.4000,success,support frequency sweep upper=0.40,0.2
support_gap_sweep,5,1,grid_oracle,1,0,0,0.00144,0.24627,0.12834,0.00994,2.39488,0.43709,0.00558,upper,upper,0.4000,0,0.4000,success,support frequency sweep upper=0.40,0.2
support_gap_sweep,6,0,energy_rerank_unguided,1,0,0,0.00110,0.22492,0.12930,0.01479,2.41649,0.44247,0.00463,upper,upper,0.4000,0,0.4000,success,support frequency sweep upper=0.40,0.2
support_gap_sweep,6,0,energy_guided_diffusion,1,0,0,0.00321,0.22314,0.12660,0.02985,2.41437,0.45158,0.00502,upper,upper,0.4000,0,0.4000,success,support frequency sweep upper=0.40,0.2
support_gap_sweep,6,0,strong_guided_diffusion,1,0,0,0.00318,0.22321,0.12570,0.01257,2.41370,0.44156,0.00452,upper,upper,0.4000,0,0.4000,success,support frequency sweep upper=0.40,0.2
support_gap_sweep,6,0,cem_trajectory_optimizer,1,0,0,0.00292,0.21063,0.12730,0.01557,2.41229,0.44257,0.00000,upper,upper,0.4000,0,0.4000,success,support frequency sweep upper=0.40,0.2
support_gap_sweep,6,0,grid_oracle,1,0,0,0.00083,0.22867,0.12915,0.01067,2.42031,0.44208,0.00520,upper,upper,0.4000,0,0.4000,success,support frequency sweep upper=0.40,0.2
support_gap_sweep,6,1,energy_rerank_unguided,1,0,0,0.00155,0.23569,0.12793,0.01304,2.41369,0.44172,0.00520,upper,upper,0.4000,0,0.4000,success,support frequency sweep upper=0.40,0.2
support_gap_sweep,6,1,energy_guided_diffusion,1,0,0,0.00374,0.23194,0.12687,0.03736,2.41214,0.48252,0.00655,upper,upper,0.4000,0,0.4000,success,support frequency sweep upper=0.40,0.2
support_gap_sweep,6,1,strong_guided_diffusion,1,0,0,0.00343,0.23629,0.12836,0.01084,2.40814,0.44034,0.00516,upper,upper,0.4000,0,0.4000,success,support frequency sweep upper=0.40,0.2
support_gap_sweep,6,1,cem_trajectory_optimizer,1,0,0,0.00311,0.22247,0.12998,0.01929,2.41330,0.44660,0.00000,upper,upper,0.4000,0,0.4000,success,support frequency sweep upper=0.40,0.2
support_gap_sweep,6,1,grid_oracle,1,0,0,0.00085,0.23591,0.12794,0.00995,2.41276,0.44065,0.00516,upper,upper,0.4000,0,0.4000,success,support frequency sweep upper=0.40,0.2
support_gap_sweep,0,0,energy_rerank_unguided,1,0,0,0.00065,0.19538,0.12903,0.01330,2.44462,0.44792,0.00414,upper,upper,0.3000,0,0.3000,success,support frequency sweep upper=0.30,0.4
support_gap_sweep,0,0,energy_guided_diffusion,1,0,0,0.00437,0.19056,0.12708,0.04902,2.44729,0.50899,0.00621,upper,upper,0.3000,0,0.3000,success,support frequency sweep upper=0.30,0.4
support_gap_sweep,0,0,strong_guided_diffusion,1,0,0,0.00335,0.19537,0.12697,0.01290,2.44004,0.44673,0.00440,upper,upper,0.3000,0,0.3000,success,support frequency sweep upper=0.30,0.4
support_gap_sweep,0,0,cem_trajectory_optimizer,1,0,0,0.00570,0.17923,0.12735,0.01802,2.44087,0.45091,0.00000,upper,upper,0.3000,0,0.3000,success,support frequency sweep upper=0.30,0.4
support_gap_sweep,0,0,grid_oracle,1,0,0,0.00134,0.19920,0.12815,0.01145,2.44498,0.44700,0.00481,upper,upper,0.3000,0,0.3000,success,support frequency sweep upper=0.30,0.4
support_gap_sweep,0,1,energy_rerank_unguided,1,0,0,0.00158,0.21070,0.13180,0.01454,2.45054,0.44988,0.00462,upper,upper,0.3000,0,0.3000,success,support frequency sweep upper=0.30,0.4
support_gap_sweep,0,1,energy_guided_diffusion,1,0,0,0.00455,0.20113,0.12649,0.04755,2.45250,0.48010,0.00583,upper,upper,0.3000,0,0.3000,success,support frequency sweep upper=0.30,0.4
support_gap_sweep,0,1,strong_guided_diffusion,1,0,0,0.00410,0.20863,0.12739,0.01172,2.44382,0.44778,0.00481,upper,upper,0.3000,0,0.3000,success,support frequency sweep upper=0.30,0.4
support_gap_sweep,0,1,cem_trajectory_optimizer,1,0,0,0.00218,0.19989,0.13010,0.02312,2.44808,0.45192,0.00000,upper,upper,0.3000,0,0.3000,success,support frequency sweep upper=0.30,0.4
support_gap_sweep,0,1,grid_oracle,1,0,0,0.00060,0.20749,0.13161,0.01134,2.44814,0.44761,0.00548,upper,upper,0.3000,0,0.3000,success,support frequency sweep upper=0.30,0.4
support_gap_sweep,1,0,energy_rerank_unguided,1,0,0,0.00116,0.28110,0.12498,0.01403,2.41635,0.44266,0.00459,upper,upper,0.3000,0,0.3000,success,support frequency sweep upper=0.30,0.4
support_gap_sweep,1,0,energy_guided_diffusion,1,0,0,0.00426,0.27354,0.12453,0.05018,2.43186,0.52575,0.00697,upper,upper,0.3000,0,0.3000,success,support frequency sweep upper=0.30,0.4
support_gap_sweep,1,0,strong_guided_diffusion,1,0,0,0.00308,0.28074,0.12409,0.01435,2.41302,0.44181,0.00450,upper,upper,0.3000,0,0.3000,success,support frequency sweep upper=0.30,0.4
support_gap_sweep,1,0,cem_trajectory_optimizer,1,0,0,0.00496,0.29591,0.12897,0.01994,2.43386,0.45002,0.00000,upper,upper,0.3000,0,0.3000,success,support frequency sweep upper=0.30,0.4
support_gap_sweep,1,0,grid_oracle,1,0,0,0.00041,0.27897,0.12612,0.01156,2.41439,0.44116,0.00544,upper,upper,0.3000,0,0.3000,success,support frequency sweep upper=0.30,0.4
support_gap_sweep,1,1,energy_rerank_unguided,1,0,0,0.00210,0.27475,0.12818,0.01285,2.38440,0.43578,0.00558,upper,upper,0.3000,0,0.3000,success,support frequency sweep upper=0.30,0.4
support_gap_sweep,1,1,energy_guided_diffusion,1,0,0,0.00297,0.27085,0.13126,0.03705,2.38363,0.47040,0.00615,upper,upper,0.3000,0,0.3000,success,support frequency sweep upper=0.30,0.4
support_gap_sweep,1,1,strong_guided_diffusion,1,0,0,0.00328,0.27191,0.12787,0.01318,2.38157,0.43546,0.00559,upper,upper,0.3000,0,0.3000,success,support frequency sweep upper=0.30,0.4
support_gap_sweep,1,1,cem_trajectory_optimizer,1,0,0,0.00215,0.27317,0.12938,0.01945,2.38246,0.43890,0.00000,upper,upper,0.3000,0,0.3000,success,support frequency sweep upper=0.30,0.4
support_gap_sweep,1,1,grid_oracle,1,0,0,0.00021,0.27401,0.12794,0.00984,2.38728,0.43558,0.00459,upper,upper,0.3000,0,0.3000,success,support frequency sweep upper=0.30,0.4
support_gap_sweep,2,0,energy_rerank_unguided,1,0,0,0.00128,0.24488,0.13354,0.01359,2.43902,0.44698,0.00440,upper,upper,0.3000,0,0.3000,success,support frequency sweep upper=0.30,0.4
support_gap_sweep,2,0,energy_guided_diffusion,1,0,0,0.00402,0.23906,0.12828,0.04915,2.43820,0.49042,0.00577,upper,upper,0.3000,0,0.3000,success,support frequency sweep upper=0.30,0.4
support_gap_sweep,2,0,strong_guided_diffusion,1,0,0,0.00333,0.24504,0.12890,0.01469,2.43432,0.44602,0.00417,upper,upper,0.3000,0,0.3000,success,support frequency sweep upper=0.30,0.4
support_gap_sweep,2,0,cem_trajectory_optimizer,1,0,0,0.00247,0.24343,0.13111,0.01797,2.44296,0.44915,0.00000,upper,upper,0.3000,0,0.3000,success,support frequency sweep upper=0.30,0.4
support_gap_sweep,2,0,grid_oracle,1,0,0,0.00076,0.25133,0.13343,0.01038,2.43949,0.44580,0.00420,upper,upper,0.3000,0,0.3000,success,support frequency sweep upper=0.30,0.4
support_gap_sweep,2,1,energy_rerank_unguided,1,0,0,0.00127,0.23571,0.12470,0.01350,2.38555,0.43658,0.00489,upper,upper,0.3000,0,0.3000,success,support frequency sweep upper=0.30,0.4
support_gap_sweep,2,1,energy_guided_diffusion,1,0,0,0.00341,0.22853,0.12450,0.04962,2.39619,0.49177,0.00644,upper,upper,0.3000,0,0.3000,success,support frequency sweep upper=0.30,0.4
support_gap_sweep,2,1,strong_guided_diffusion,1,0,0,0.00329,0.23519,0.12531,0.01210,2.38081,0.43522,0.00509,upper,upper,0.3000,0,0.3000,success,support frequency sweep upper=0.30,0.4
support_gap_sweep,2,1,cem_trajectory_optimizer,1,0,0,0.00087,0.22188,0.12510,0.01836,2.38570,0.43977,0.00000,upper,upper,0.3000,0,0.3000,success,support frequency sweep upper=0.30,0.4
support_gap_sweep,2,1,grid_oracle,1,0,0,0.00062,0.23459,0.12574,0.01095,2.38416,0.43502,0.00504,upper,upper,0.3000,0,0.3000,success,support frequency sweep upper=0.30,0.4
support_gap_sweep,3,0,energy_rerank_unguided,1,0,0,0.00156,0.23096,0.12631,0.01522,2.41480,0.44342,0.00482,upper,upper,0.3000,0,0.3000,success,support frequency sweep upper=0.30,0.4
support_gap_sweep,3,0,energy_guided_diffusion,1,0,0,0.00418,0.21633,0.12569,0.08341,2.46436,0.66414,0.00966,upper,upper,0.3000,0,0.3000,success,support frequency sweep upper=0.30,0.4
support_gap_sweep,3,0,strong_guided_diffusion,1,0,0,0.00271,0.23156,0.12595,0.01292,2.41260,0.44169,0.00507,upper,upper,0.3000,0,0.3000,success,support frequency sweep upper=0.30,0.4
support_gap_sweep,3,0,cem_trajectory_optimizer,1,0,0,0.00407,0.23284,0.12897,0.02045,2.41593,0.44813,0.01115,upper,upper,0.3000,0,0.3000,success,support frequency sweep upper=0.30,0.4
support_gap_sweep,3,0,grid_oracle,1,0,0,0.00093,0.22886,0.12697,0.01057,2.41255,0.44061,0.00529,upper,upper,0.3000,0,0.3000,success,support frequency sweep upper=0.30,0.4
support_gap_sweep,3,1,energy_rerank_unguided,1,0,0,0.00077,0.18959,0.12932,0.01404,2.45039,0.44927,0.00392,upper,upper,0.3000,0,0.3000,success,support frequency sweep upper=0.30,0.4
support_gap_sweep,3,1,energy_guided_diffusion,1,0,0,0.00484,0.18355,0.12948,0.05314,2.45866,0.53655,0.00648,upper,upper,0.3000,0,0.3000,success,support frequency sweep upper=0.30,0.4
support_gap_sweep,3,1,strong_guided_diffusion,1,0,0,0.00382,0.18821,0.12687,0.01314,2.44490,0.44855,0.00389,upper,upper,0.3000,0,0.3000,success,support frequency sweep upper=0.30,0.4
support_gap_sweep,3,1,cem_trajectory_optimizer,1,0,0,0.00561,0.18648,0.13725,0.02219,2.46582,0.45839,0.00000,upper,upper,0.3000,0,0.3000,success,support frequency sweep upper=0.30,0.4
support_gap_sweep,3,1,grid_oracle,1,0,0,0.00127,0.19104,0.13024,0.01025,2.44836,0.44767,0.00418,upper,upper,0.3000,0,0.3000,success,support frequency sweep upper=0.30,0.4
support_gap_sweep,4,0,energy_rerank_unguided,0,1,0,0.00073,-0.25455,0.13559,0.01412,2.47362,4.82972,0.00432,lower,upper,0.7000,0,0.3000,collision_or_blocked_prior_mode,support frequency sweep upper=0.30,0.4
support_gap_sweep,4,0,energy_guided_diffusion,0,1,1,0.00521,-0.05711,0.37025,0.31284,2.61167,2.62389,0.04975,lower,upper,0.7000,0,0.3000,collision_shortcut_from_guidance,support frequency sweep upper=0.30,0.4
support_gap_sweep,4,0,strong_guided_diffusion,0,0,1,0.00312,0.01014,0.21044,0.17628,2.93118,1.08639,0.10489,lower,upper,0.7000,0,0.3000,dynamic_violation,support frequency sweep upper=0.30,0.4
support_gap_sweep,4,0,cem_trajectory_optimizer,1,0,0,0.00239,0.27460,0.12465,0.01751,2.37394,0.43576,0.00000,upper,upper,0.3000,0,0.3000,success,support frequency sweep upper=0.30,0.4
support_gap_sweep,4,0,grid_oracle,1,0,0,0.00071,0.28252,0.12470,0.01093,2.37155,0.43239,0.00532,upper,upper,0.3000,0,0.3000,success,support frequency sweep upper=0.30,0.4
support_gap_sweep,4,1,energy_rerank_unguided,1,0,0,0.00100,0.19450,0.12849,0.01380,2.42460,0.44415,0.00571,upper,upper,0.3000,0,0.3000,success,support frequency sweep upper=0.30,0.4
support_gap_sweep,4,1,energy_guided_diffusion,1,0,0,0.00354,0.18686,0.12571,0.05893,2.45490,0.56537,0.00834,upper,upper,0.3000,0,0.3000,success,support frequency sweep upper=0.30,0.4
support_gap_sweep,4,1,strong_guided_diffusion,1,0,0,0.00326,0.19529,0.12509,0.01290,2.42158,0.44292,0.00561,upper,upper,0.3000,0,0.3000,success,support frequency sweep upper=0.30,0.4
support_gap_sweep,4,1,cem_trajectory_optimizer,1,0,0,0.00282,0.17489,0.12622,0.02402,2.42368,0.44963,0.00000,upper,upper,0.3000,0,0.3000,success,support frequency sweep upper=0.30,0.4
support_gap_sweep,4,1,grid_oracle,1,0,0,0.00041,0.19734,0.12868,0.01045,2.42540,0.44313,0.00568,upper,upper,0.3000,0,0.3000,success,support frequency sweep upper=0.30,0.4
support_gap_sweep,5,0,energy_rerank_unguided,1,0,0,0.00175,0.28693,0.12502,0.01284,2.38028,0.43532,0.00567,upper,upper,0.3000,0,0.3000,success,support frequency sweep upper=0.30,0.4
support_gap_sweep,5,0,energy_guided_diffusion,1,0,0,0.00425,0.28484,0.12249,0.04984,2.38551,0.49975,0.00696,upper,upper,0.3000,0,0.3000,success,support frequency sweep upper=0.30,0.4
support_gap_sweep,5,0,strong_guided_diffusion,1,0,0,0.00370,0.28690,0.12319,0.01452,2.37507,0.43459,0.00564,upper,upper,0.3000,0,0.3000,success,support frequency sweep upper=0.30,0.4
support_gap_sweep,5,0,cem_trajectory_optimizer,1,0,0,0.00185,0.28107,0.12576,0.03118,2.38521,0.44279,0.00000,upper,upper,0.3000,0,0.3000,success,support frequency sweep upper=0.30,0.4
support_gap_sweep,5,0,grid_oracle,1,0,0,0.00059,0.28918,0.12432,0.00960,2.37645,0.43351,0.00496,upper,upper,0.3000,0,0.3000,success,support frequency sweep upper=0.30,0.4
support_gap_sweep,5,1,energy_rerank_unguided,1,0,0,0.00088,0.25589,0.12976,0.01408,2.40867,0.44081,0.00490,upper,upper,0.3000,0,0.3000,success,support frequency sweep upper=0.30,0.4
support_gap_sweep,5,1,energy_guided_diffusion,1,0,0,0.00270,0.25331,0.12907,0.04056,2.41632,0.49379,0.00661,upper,upper,0.3000,0,0.3000,success,support frequency sweep upper=0.30,0.4
support_gap_sweep,5,1,strong_guided_diffusion,1,0,0,0.00325,0.25662,0.12831,0.01183,2.40650,0.44036,0.00490,upper,upper,0.3000,0,0.3000,success,support frequency sweep upper=0.30,0.4
support_gap_sweep,5,1,cem_trajectory_optimizer,1,0,0,0.00365,0.25497,0.12831,0.01905,2.41165,0.44360,0.00000,upper,upper,0.3000,0,0.3000,success,support frequency sweep upper=0.30,0.4
support_gap_sweep,5,1,grid_oracle,1,0,0,0.00127,0.25696,0.12915,0.01069,2.41283,0.44071,0.00561,upper,upper,0.3000,0,0.3000,success,support frequency sweep upper=0.30,0.4
support_gap_sweep,6,0,energy_rerank_unguided,1,0,0,0.00074,0.21884,0.12585,0.01544,2.40428,0.44007,0.00496,upper,upper,0.3000,0,0.3000,success,support frequency sweep upper=0.30,0.4
support_gap_sweep,6,0,energy_guided_diffusion,1,0,0,0.00456,0.21722,0.12655,0.02858,2.40081,0.45172,0.00530,upper,upper,0.3000,0,0.3000,success,support frequency sweep upper=0.30,0.4
support_gap_sweep,6,0,strong_guided_diffusion,1,0,0,0.00305,0.21717,0.12622,0.01214,2.40131,0.43943,0.00474,upper,upper,0.3000,0,0.3000,success,support frequency sweep upper=0.30,0.4
support_gap_sweep,6,0,cem_trajectory_optimizer,1,0,0,0.00607,0.21673,0.12636,0.01510,2.40509,0.44333,0.00000,upper,upper,0.3000,0,0.3000,success,support frequency sweep upper=0.30,0.4
support_gap_sweep,6,0,grid_oracle,1,0,0,0.00046,0.21929,0.12686,0.01009,2.40327,0.43884,0.00483,upper,upper,0.3000,0,0.3000,success,support frequency sweep upper=0.30,0.4
support_gap_sweep,6,1,energy_rerank_unguided,1,0,0,0.00199,0.25724,0.12308,0.01338,2.38429,0.43613,0.00533,upper,upper,0.3000,0,0.3000,success,support frequency sweep upper=0.30,0.4
support_gap_sweep,6,1,energy_guided_diffusion,1,0,0,0.00305,0.25742,0.12265,0.02845,2.38276,0.45077,0.00611,upper,upper,0.3000,0,0.3000,success,support frequency sweep upper=0.30,0.4
support_gap_sweep,6,1,strong_guided_diffusion,1,0,0,0.00272,0.25613,0.12405,0.01151,2.38266,0.43564,0.00543,upper,upper,0.3000,0,0.3000,success,support frequency sweep upper=0.30,0.4
support_gap_sweep,6,1,cem_trajectory_optimizer,1,0,0,0.00192,0.24954,0.12241,0.02567,2.39275,0.44126,0.00000,upper,upper,0.3000,0,0.3000,success,support frequency sweep upper=0.30,0.4
support_gap_sweep,6,1,grid_oracle,1,0,0,0.00053,0.25727,0.12390,0.01029,2.38795,0.43569,0.00653,upper,upper,0.3000,0,0.3000,success,support frequency sweep upper=0.30,0.4
support_gap_sweep,0,0,energy_rerank_unguided,1,0,0,0.00119,0.23790,0.13022,0.01281,2.44544,0.44859,0.00502,upper,upper,0.2000,0,0.2000,success,support frequency sweep upper=0.20,0.6
support_gap_sweep,0,0,energy_guided_diffusion,1,0,0,0.00262,0.23479,0.13000,0.03126,2.44619,0.46956,0.00548,upper,upper,0.2000,0,0.2000,success,support frequency sweep upper=0.20,0.6
support_gap_sweep,0,0,strong_guided_diffusion,1,0,0,0.00382,0.23867,0.12730,0.01490,2.44090,0.44758,0.00508,upper,upper,0.2000,0,0.2000,success,support frequency sweep upper=0.20,0.6
support_gap_sweep,0,0,cem_trajectory_optimizer,1,0,0,0.00175,0.23154,0.12919,0.01979,2.44775,0.45114,0.00000,upper,upper,0.2000,0,0.2000,success,support frequency sweep upper=0.20,0.6
support_gap_sweep,0,0,grid_oracle,1,0,0,0.00060,0.24080,0.12893,0.01157,2.44383,0.44686,0.00481,upper,upper,0.2000,0,0.2000,success,support frequency sweep upper=0.20,0.6
support_gap_sweep,0,1,energy_rerank_unguided,1,0,0,0.00239,0.28424,0.12744,0.01165,2.39890,0.43914,0.00489,upper,upper,0.2000,0,0.2000,success,support frequency sweep upper=0.20,0.6
support_gap_sweep,0,1,energy_guided_diffusion,1,0,0,0.00433,0.28076,0.12559,0.05041,2.41626,0.51216,0.00693,upper,upper,0.2000,0,0.2000,success,support frequency sweep upper=0.20,0.6
support_gap_sweep,0,1,strong_guided_diffusion,1,0,0,0.00263,0.28361,0.12535,0.01105,2.39758,0.43824,0.00502,upper,upper,0.2000,0,0.2000,success,support frequency sweep upper=0.20,0.6
support_gap_sweep,0,1,cem_trajectory_optimizer,1,0,0,0.00924,0.27701,0.12622,0.02218,2.39638,0.44610,0.00000,upper,upper,0.2000,0,0.2000,success,support frequency sweep upper=0.20,0.6
support_gap_sweep,0,1,grid_oracle,1,0,0,0.00057,0.28569,0.12644,0.00995,2.39973,0.43808,0.00607,upper,upper,0.2000,0,0.2000,success,support frequency sweep upper=0.20,0.6
support_gap_sweep,1,0,energy_rerank_unguided,1,0,0,0.00110,0.21887,0.13077,0.01644,2.44637,0.44887,0.00517,upper,upper,0.2000,0,0.2000,success,support frequency sweep upper=0.20,0.6
support_gap_sweep,1,0,energy_guided_diffusion,1,0,0,0.00373,0.20906,0.12723,0.05902,2.46679,0.53521,0.00715,upper,upper,0.2000,0,0.2000,success,support frequency sweep upper=0.20,0.6
support_gap_sweep,1,0,strong_guided_diffusion,1,0,0,0.00316,0.21927,0.12663,0.01348,2.44185,0.44788,0.00513,upper,upper,0.2000,0,0.2000,success,support frequency sweep upper=0.20,0.6
support_gap_sweep,1,0,cem_trajectory_optimizer,1,0,0,0.00713,0.22834,0.13148,0.02480,2.46660,0.46134,0.01080,upper,upper,0.2000,0,0.2000,success,support frequency sweep upper=0.20,0.6
support_gap_sweep,1,0,grid_oracle,1,0,0,0.00209,0.22168,0.12816,0.01126,2.44483,0.44720,0.00577,upper,upper,0.2000,0,0.2000,success,support frequency sweep upper=0.20,0.6
support_gap_sweep,1,1,energy_rerank_unguided,1,0,0,0.00202,0.24281,0.13190,0.01538,2.43796,0.44728,0.00458,upper,upper,0.2000,0,0.2000,success,support frequency sweep upper=0.20,0.6
support_gap_sweep,1,1,energy_guided_diffusion,1,0,0,0.00497,0.23270,0.13090,0.05785,2.44988,0.52465,0.00674,upper,upper,0.2000,0,0.2000,success,support frequency sweep upper=0.20,0.6
support_gap_sweep,1,1,strong_guided_diffusion,1,0,0,0.00389,0.24434,0.12655,0.01319,2.43157,0.44534,0.00443,upper,upper,0.2000,0,0.2000,success,support frequency sweep upper=0.20,0.6
support_gap_sweep,1,1,cem_trajectory_optimizer,1,0,0,0.00574,0.23315,0.13183,0.01676,2.43788,0.44892,0.00000,upper,upper,0.2000,0,0.2000,success,support frequency sweep upper=0.20,0.6
support_gap_sweep,1,1,grid_oracle,1,0,0,0.00127,0.24566,0.12971,0.00989,2.43296,0.44459,0.00523,upper,upper,0.2000,0,0.2000,success,support frequency sweep upper=0.20,0.6
support_gap_sweep,2,0,energy_rerank_unguided,0,1,0,0.00086,-0.28006,0.13002,0.01350,2.42872,6.14272,0.00456,lower,upper,0.8000,0,0.2000,collision_or_blocked_prior_mode,support frequency sweep upper=0.20,0.6
support_gap_sweep,2,0,energy_guided_diffusion,0,1,1,0.00333,-0.09027,0.34196,0.24904,2.67751,2.27831,0.05767,lower,upper,0.8000,0,0.2000,collision_shortcut_from_guidance,support frequency sweep upper=0.20,0.6
support_gap_sweep,2,0,strong_guided_diffusion,1,0,0,0.00327,0.22610,0.12353,0.01441,2.39691,0.43911,0.00414,upper,upper,0.2000,0,0.2000,success,support frequency sweep upper=0.20,0.6
support_gap_sweep,2,0,cem_trajectory_optimizer,1,0,0,0.00006,0.21471,0.12568,0.02348,2.39232,0.44281,0.00000,upper,upper,0.2000,0,0.2000,success,support frequency sweep upper=0.20,0.6
support_gap_sweep,2,0,grid_oracle,1,0,0,0.00077,0.23090,0.12511,0.01003,2.40120,0.43829,0.00385,upper,upper,0.2000,0,0.2000,success,support frequency sweep upper=0.20,0.6
support_gap_sweep,2,1,energy_rerank_unguided,1,0,0,0.00188,0.25331,0.12710,0.01432,2.40114,0.43979,0.00589,upper,upper,0.2000,0,0.2000,success,support frequency sweep upper=0.20,0.6
support_gap_sweep,2,1,energy_guided_diffusion,1,0,0,0.00312,0.25023,0.12942,0.03840,2.40116,0.47507,0.00666,upper,upper,0.2000,0,0.2000,success,support frequency sweep upper=0.20,0.6
support_gap_sweep,2,1,strong_guided_diffusion,1,0,0,0.00368,0.25268,0.12631,0.01538,2.39786,0.43894,0.00610,upper,upper,0.2000,0,0.2000,success,support frequency sweep upper=0.20,0.6
support_gap_sweep,2,1,cem_trajectory_optimizer,1,0,0,0.00440,0.24665,0.12962,0.01985,2.40065,0.44172,0.00000,upper,upper,0.2000,0,0.2000,success,support frequency sweep upper=0.20,0.6
support_gap_sweep,2,1,grid_oracle,1,0,0,0.00114,0.25498,0.12643,0.01041,2.40282,0.43877,0.00623,upper,upper,0.2000,0,0.2000,success,support frequency sweep upper=0.20,0.6
support_gap_sweep,3,0,energy_rerank_unguided,1,0,0,0.00247,0.24987,0.12286,0.01392,2.38506,0.43748,0.00676,upper,upper,0.2000,0,0.2000,success,support frequency sweep upper=0.20,0.6
support_gap_sweep,3,0,energy_guided_diffusion,1,0,0,0.00507,0.24598,0.12259,0.03543,2.38459,0.46304,0.00733,upper,upper,0.2000,0,0.2000,success,support frequency sweep upper=0.20,0.6
support_gap_sweep,3,0,strong_guided_diffusion,1,0,0,0.00315,0.24930,0.12232,0.01235,2.38150,0.43532,0.00666,upper,upper,0.2000,0,0.2000,success,support frequency sweep upper=0.20,0.6
support_gap_sweep,3,0,cem_trajectory_optimizer,1,0,0,0.00235,0.26380,0.12479,0.01645,2.39679,0.44085,0.00000,upper,upper,0.2000,0,0.2000,success,support frequency sweep upper=0.20,0.6
support_gap_sweep,3,0,grid_oracle,1,0,0,0.00083,0.25392,0.12281,0.00974,2.38911,0.43599,0.00662,upper,upper,0.2000,0,0.2000,success,support frequency sweep upper=0.20,0.6
support_gap_sweep,3,1,energy_rerank_unguided,1,0,0,0.00132,0.32389,0.12439,0.01213,2.37604,0.43433,0.00529,upper,upper,0.2000,0,0.2000,success,support frequency sweep upper=0.20,0.6
support_gap_sweep,3,1,energy_guided_diffusion,1,0,0,0.00351,0.31714,0.12450,0.04617,2.38287,0.48556,0.00652,upper,upper,0.2000,0,0.2000,success,support frequency sweep upper=0.20,0.6
support_gap_sweep,3,1,strong_guided_diffusion,1,0,0,0.00301,0.32485,0.12347,0.01407,2.37376,0.43489,0.00501,upper,upper,0.2000,0,0.2000,success,support frequency sweep upper=0.20,0.6
support_gap_sweep,3,1,cem_trajectory_optimizer,1,0,0,0.00506,0.30898,0.12371,0.01903,2.37678,0.43905,0.00000,upper,upper,0.2000,0,0.2000,success,support frequency sweep upper=0.20,0.6
support_gap_sweep,3,1,grid_oracle,1,0,0,0.00111,0.33168,0.12350,0.00969,2.37565,0.43335,0.00704,upper,upper,0.2000,0,0.2000,success,support frequency sweep upper=0.20,0.6
support_gap_sweep,4,0,energy_rerank_unguided,1,0,0,0.00196,0.25560,0.12601,0.01597,2.40261,0.44061,0.00564,upper,upper,0.2000,0,0.2000,success,support frequency sweep upper=0.20,0.6
support_gap_sweep,4,0,energy_guided_diffusion,1,0,0,0.00311,0.24898,0.12566,0.05077,2.41413,0.49226,0.00720,upper,upper,0.2000,0,0.2000,success,support frequency sweep upper=0.20,0.6
support_gap_sweep,4,0,strong_guided_diffusion,1,0,0,0.00336,0.25682,0.12636,0.01297,2.39952,0.43883,0.00563,upper,upper,0.2000,0,0.2000,success,support frequency sweep upper=0.20,0.6
support_gap_sweep,4,0,cem_trajectory_optimizer,1,0,0,0.00765,0.24674,0.12691,0.01964,2.39518,0.44491,0.00000,upper,upper,0.2000,0,0.2000,success,support frequency sweep upper=0.20,0.6
support_gap_sweep,4,0,grid_oracle,1,0,0,0.00016,0.25247,0.12613,0.01079,2.40237,0.43868,0.00540,upper,upper,0.2000,0,0.2000,success,support frequency sweep upper=0.20,0.6
support_gap_sweep,4,1,energy_rerank_unguided,1,0,0,0.00146,0.24544,0.12398,0.01413,2.40908,0.44151,0.00478,upper,upper,0.2000,0,0.2000,success,support frequency sweep upper=0.20,0.6
support_gap_sweep,4,1,energy_guided_diffusion,0,1,1,0.00429,-0.07930,0.33106,0.25145,2.67750,2.09771,0.06021,lower,upper,0.8000,0,0.2000,collision_shortcut_from_guidance,support frequency sweep upper=0.20,0.6
support_gap_sweep,4,1,strong_guided_diffusion,1,0,0,0.00370,0.24741,0.12389,0.01182,2.40481,0.43977,0.00508,upper,upper,0.2000,0,0.2000,success,support frequency sweep upper=0.20,0.6
support_gap_sweep,4,1,cem_trajectory_optimizer,1,0,0,0.00383,0.23762,0.13157,0.01687,2.40460,0.44318,0.00970,upper,upper,0.2000,0,0.2000,success,support frequency sweep upper=0.20,0.6
support_gap_sweep,4,1,grid_oracle,1,0,0,0.00071,0.25004,0.12569,0.01094,2.41198,0.44047,0.00435,upper,upper,0.2000,0,0.2000,success,support frequency sweep upper=0.20,0.6
support_gap_sweep,5,0,energy_rerank_unguided,1,0,0,0.00092,0.28398,0.12386,0.01414,2.40286,0.44021,0.00559,upper,upper,0.2000,0,0.2000,success,support frequency sweep upper=0.20,0.6
support_gap_sweep,5,0,energy_guided_diffusion,1,0,0,0.00400,0.28000,0.12442,0.05814,2.41662,0.50458,0.00708,upper,upper,0.2000,0,0.2000,success,support frequency sweep upper=0.20,0.6
support_gap_sweep,5,0,strong_guided_diffusion,1,0,0,0.00321,0.28496,0.12496,0.01401,2.39897,0.43884,0.00563,upper,upper,0.2000,0,0.2000,success,support frequency sweep upper=0.20,0.6
support_gap_sweep,5,0,cem_trajectory_optimizer,1,0,0,0.00229,0.28459,0.12488,0.01884,2.40513,0.44381,0.00000,upper,upper,0.2000,0,0.2000,success,support frequency sweep upper=0.20,0.6
support_gap_sweep,5,0,grid_oracle,1,0,0,0.00046,0.28164,0.12462,0.00999,2.39970,0.43803,0.00399,upper,upper,0.2000,0,0.2000,success,support frequency sweep upper=0.20,0.6
support_gap_sweep,5,1,energy_rerank_unguided,0,1,0,0.00099,-0.28022,0.12921,0.01534,2.43747,6.05689,0.00495,lower,upper,0.8000,0,0.2000,collision_or_blocked_prior_mode,support frequency sweep upper=0.20,0.6
support_gap_sweep,5,1,energy_guided_diffusion,1,0,0,0.00527,0.26166,0.12317,0.03097,2.38706,0.45857,0.00642,upper,upper,0.2000,0,0.2000,success,support frequency sweep upper=0.20,0.6
support_gap_sweep,5,1,strong_guided_diffusion,1,0,0,0.00304,0.26123,0.12165,0.01630,2.38932,0.43857,0.00577,upper,upper,0.2000,0,0.2000,success,support frequency sweep upper=0.20,0.6
support_gap_sweep,5,1,cem_trajectory_optimizer,1,0,0,0.00617,0.27062,0.12922,0.02304,2.41128,0.44670,0.00000,upper,upper,0.2000,0,0.2000,success,support frequency sweep upper=0.20,0.6
support_gap_sweep,5,1,grid_oracle,1,0,0,0.00045,0.26286,0.12427,0.01051,2.39465,0.43720,0.00640,upper,upper,0.2000,0,0.2000,success,support frequency sweep upper=0.20,0.6
support_gap_sweep,6,0,energy_rerank_unguided,1,0,0,0.00138,0.30072,0.12247,0.01575,2.37615,0.43556,0.00574,upper,upper,0.2000,0,0.2000,success,support frequency sweep upper=0.20,0.6
support_gap_sweep,6,0,energy_guided_diffusion,1,0,0,0.00305,0.29698,0.12618,0.04768,2.38892,0.49778,0.00737,upper,upper,0.2000,0,0.2000,success,support frequency sweep upper=0.20,0.6
support_gap_sweep,6,0,strong_guided_diffusion,1,0,0,0.00322,0.30003,0.12380,0.01469,2.37090,0.43365,0.00577,upper,upper,0.2000,0,0.2000,success,support frequency sweep upper=0.20,0.6
support_gap_sweep,6,0,cem_trajectory_optimizer,1,0,0,0.00354,0.28520,0.12296,0.02712,2.38127,0.45101,0.01102,upper,upper,0.2000,0,0.2000,success,support frequency sweep upper=0.20,0.6
support_gap_sweep,6,0,grid_oracle,1,0,0,0.00146,0.30275,0.12399,0.01103,2.37680,0.43377,0.00563,upper,upper,0.2000,0,0.2000,success,support frequency sweep upper=0.20,0.6
support_gap_sweep,6,1,energy_rerank_unguided,1,0,0,0.00256,0.18130,0.13046,0.01976,2.44566,0.44929,0.00369,upper,upper,0.2000,0,0.2000,success,support frequency sweep upper=0.20,0.6
support_gap_sweep,6,1,energy_guided_diffusion,1,0,0,0.00628,0.17815,0.12897,0.07045,2.46667,0.56189,0.00707,upper,upper,0.2000,0,0.2000,success,support frequency sweep upper=0.20,0.6
support_gap_sweep,6,1,strong_guided_diffusion,0,0,1,0.00329,0.01736,0.20500,0.12285,2.73276,0.80038,0.07419,lower,upper,0.8000,0,0.2000,dynamic_violation,support frequency sweep upper=0.20,0.6
support_gap_sweep,6,1,cem_trajectory_optimizer,1,0,0,0.00524,0.18613,0.13300,0.01957,2.44896,0.45368,0.00000,upper,upper,0.2000,0,0.2000,success,support frequency sweep upper=0.20,0.6
support_gap_sweep,6,1,grid_oracle,1,0,0,0.00041,0.18189,0.12948,0.01040,2.44124,0.44630,0.00417,upper,upper,0.2000,0,0.2000,success,support frequency sweep upper=0.20,0.6
support_gap_sweep,0,0,energy_rerank_unguided,0,1,0,0.00030,-0.28744,0.13383,0.01689,2.45108,6.11400,0.00526,lower,upper,0.9000,0,0.1000,collision_or_blocked_prior_mode,support frequency sweep upper=0.10,0.8
support_gap_sweep,0,0,energy_guided_diffusion,0,1,1,0.00335,-0.16421,0.29054,0.31664,2.78786,3.09068,0.05345,lower,upper,0.9000,0,0.1000,collision_shortcut_from_guidance,support frequency sweep upper=0.10,0.8
support_gap_sweep,0,0,strong_guided_diffusion,1,0,0,0.00376,0.26963,0.12749,0.01327,2.39012,0.43734,0.00508,upper,upper,0.1000,0,0.1000,success,support frequency sweep upper=0.10,0.8
support_gap_sweep,0,0,cem_trajectory_optimizer,1,0,0,0.00240,0.26422,0.13101,0.02291,2.38901,0.44292,0.01019,upper,upper,0.1000,0,0.1000,success,support frequency sweep upper=0.10,0.8
support_gap_sweep,0,0,grid_oracle,1,0,0,0.00083,0.27333,0.12852,0.00986,2.39402,0.43688,0.00567,upper,upper,0.1000,0,0.1000,success,support frequency sweep upper=0.10,0.8
support_gap_sweep,0,1,energy_rerank_unguided,1,0,0,0.00158,0.24408,0.12752,0.01653,2.42301,0.44574,0.00468,upper,upper,0.1000,0,0.1000,success,support frequency sweep upper=0.10,0.8
support_gap_sweep,0,1,energy_guided_diffusion,0,1,1,0.00504,-0.07465,0.31565,0.22507,2.65146,1.91852,0.05917,lower,upper,0.9000,0,0.1000,collision_shortcut_from_guidance,support frequency sweep upper=0.10,0.8
support_gap_sweep,0,1,strong_guided_diffusion,1,0,0,0.00310,0.24096,0.12519,0.01466,2.41754,0.44339,0.00473,upper,upper,0.1000,0,0.1000,success,support frequency sweep upper=0.10,0.8
support_gap_sweep,0,1,cem_trajectory_optimizer,1,0,0,0.00661,0.22680,0.13260,0.01363,2.42220,0.44726,0.00971,upper,upper,0.1000,0,0.1000,success,support frequency sweep upper=0.10,0.8
support_gap_sweep,0,1,grid_oracle,1,0,0,0.00096,0.23468,0.12604,0.01007,2.41834,0.44181,0.00627,upper,upper,0.1000,0,0.1000,success,support frequency sweep upper=0.10,0.8
support_gap_sweep,1,0,energy_rerank_unguided,1,0,0,0.00245,0.25270,0.12440,0.01423,2.38544,0.43711,0.00573,upper,upper,0.1000,0,0.1000,success,support frequency sweep upper=0.10,0.8
support_gap_sweep,1,0,energy_guided_diffusion,0,1,1,0.00386,-0.16298,0.28057,0.28929,2.76648,3.15686,0.05818,lower,upper,0.9000,0,0.1000,collision_shortcut_from_guidance,support frequency sweep upper=0.10,0.8
support_gap_sweep,1,0,strong_guided_diffusion,1,0,0,0.00325,0.25329,0.12515,0.01157,2.38000,0.43501,0.00593,upper,upper,0.1000,0,0.1000,success,support frequency sweep upper=0.10,0.8
support_gap_sweep,1,0,cem_trajectory_optimizer,1,0,0,0.00320,0.24221,0.12546,0.02125,2.38531,0.44230,0.00000,upper,upper,0.1000,0,0.1000,success,support frequency sweep upper=0.10,0.8
support_gap_sweep,1,0,grid_oracle,1,0,0,0.00086,0.25603,0.12440,0.01153,2.38393,0.43496,0.00468,upper,upper,0.1000,0,0.1000,success,support frequency sweep upper=0.10,0.8
support_gap_sweep,1,1,energy_rerank_unguided,0,1,0,0.00065,-0.25680,0.12790,0.01369,2.42537,4.96803,0.00550,lower,upper,0.9000,0,0.1000,collision_or_blocked_prior_mode,support frequency sweep upper=0.10,0.8
support_gap_sweep,1,1,energy_guided_diffusion,0,1,1,0.00227,-0.10398,0.26570,0.28345,2.82937,2.40044,0.05139,lower,upper,0.9000,0,0.1000,collision_shortcut_from_guidance,support frequency sweep upper=0.10,0.8
support_gap_sweep,1,1,strong_guided_diffusion,1,0,0,0.00341,0.29700,0.12558,0.01723,2.40339,0.44117,0.00495,upper,upper,0.1000,0,0.1000,success,support frequency sweep upper=0.10,0.8
support_gap_sweep,1,1,cem_trajectory_optimizer,1,0,0,0.00139,0.30664,0.12187,0.02050,2.41629,0.44666,0.01169,upper,upper,0.1000,0,0.1000,success,support frequency sweep upper=0.10,0.8
support_gap_sweep,1,1,grid_oracle,1,0,0,0.00042,0.30454,0.12602,0.01055,2.40443,0.43895,0.00648,upper,upper,0.1000,0,0.1000,success,support frequency sweep upper=0.10,0.8
support_gap_sweep,2,0,energy_rerank_unguided,0,1,0,0.00090,-0.25946,0.12624,0.01411,2.39185,5.67422,0.00455,lower,upper,0.9000,0,0.1000,collision_or_blocked_prior_mode,support frequency sweep upper=0.10,0.8
support_gap_sweep,2,0,energy_guided_diffusion,1,0,0,0.00497,0.21441,0.12596,0.07134,2.47445,0.56069,0.00761,upper,upper,0.1000,0,0.1000,success,support frequency sweep upper=0.10,0.8
support_gap_sweep,2,0,strong_guided_diffusion,1,0,0,0.00442,0.22403,0.12680,0.01418,2.44128,0.44791,0.00475,upper,upper,0.1000,0,0.1000,success,support frequency sweep upper=0.10,0.8
support_gap_sweep,2,0,cem_trajectory_optimizer,1,0,0,0.00511,0.22241,0.13320,0.01873,2.44558,0.45118,0.00000,upper,upper,0.1000,0,0.1000,success,support frequency sweep upper=0.10,0.8
support_gap_sweep,2,0,grid_oracle,1,0,0,0.00071,0.21920,0.12963,0.01175,2.44336,0.44663,0.00601,upper,upper,0.1000,0,0.1000,success,support frequency sweep upper=0.10,0.8
support_gap_sweep,2,1,energy_rerank_unguided,0,1,0,0.00035,-0.26473,0.12948,0.01424,2.45392,5.02603,0.00328,lower,upper,0.9000,0,0.1000,collision_or_blocked_prior_mode,support frequency sweep upper=0.10,0.8
support_gap_sweep,2,1,energy_guided_diffusion,0,1,1,0.00460,-0.10464,0.36705,0.24743,2.56167,2.66630,0.04927,lower,upper,0.9000,0,0.1000,collision_shortcut_from_guidance,support frequency sweep upper=0.10,0.8
support_gap_sweep,2,1,strong_guided_diffusion,0,0,1,0.00344,0.00538,0.20500,0.14185,2.86435,0.95996,0.09024,lower,upper,0.9000,0,0.1000,dynamic_violation,support frequency sweep upper=0.10,0.8
support_gap_sweep,2,1,cem_trajectory_optimizer,1,0,0,0.00468,0.24460,0.12409,0.02221,2.38494,0.44062,0.00000,upper,upper,0.1000,0,0.1000,success,support frequency sweep upper=0.10,0.8
support_gap_sweep,2,1,grid_oracle,1,0,0,0.00099,0.24100,0.12393,0.01009,2.38266,0.43478,0.00722,upper,upper,0.1000,0,0.1000,success,support frequency sweep upper=0.10,0.8
support_gap_sweep,3,0,energy_rerank_unguided,1,0,0,0.00072,0.28205,0.12711,0.01859,2.37850,0.43580,0.00467,upper,upper,0.1000,0,0.1000,success,support frequency sweep upper=0.10,0.8
support_gap_sweep,3,0,energy_guided_diffusion,1,0,0,0.00330,0.28025,0.12526,0.05556,2.39551,0.51477,0.00705,upper,upper,0.1000,0,0.1000,success,support frequency sweep upper=0.10,0.8
support_gap_sweep,3,0,strong_guided_diffusion,1,0,0,0.00336,0.28252,0.12581,0.01388,2.37494,0.43449,0.00512,upper,upper,0.1000,0,0.1000,success,support frequency sweep upper=0.10,0.8
support_gap_sweep,3,0,cem_trajectory_optimizer,1,0,0,0.00608,0.27101,0.12675,0.03370,2.36663,0.45301,0.01396,upper,upper,0.1000,0,0.1000,success,support frequency sweep upper=0.10,0.8
support_gap_sweep,3,0,grid_oracle,1,0,0,0.00103,0.29114,0.12618,0.00945,2.38121,0.43437,0.00663,upper,upper,0.1000,0,0.1000,success,support frequency sweep upper=0.10,0.8
support_gap_sweep,3,1,energy_rerank_unguided,1,0,0,0.00096,0.22737,0.13334,0.01754,2.45342,0.45005,0.00600,upper,upper,0.1000,0,0.1000,success,support frequency sweep upper=0.10,0.8
support_gap_sweep,3,1,energy_guided_diffusion,1,0,0,0.00578,0.22160,0.13479,0.05495,2.46393,0.53651,0.00805,upper,upper,0.1000,0,0.1000,success,support frequency sweep upper=0.10,0.8
support_gap_sweep,3,1,strong_guided_diffusion,1,0,0,0.00376,0.22633,0.13145,0.01391,2.44866,0.44906,0.00630,upper,upper,0.1000,0,0.1000,success,support frequency sweep upper=0.10,0.8
support_gap_sweep,3,1,cem_trajectory_optimizer,1,0,0,0.00611,0.23337,0.13344,0.02327,2.45611,0.45697,0.01016,upper,upper,0.1000,0,0.1000,success,support frequency sweep upper=0.10,0.8
support_gap_sweep,3,1,grid_oracle,1,0,0,0.00117,0.23762,0.13333,0.01079,2.45602,0.44907,0.00610,upper,upper,0.1000,0,0.1000,success,support frequency sweep upper=0.10,0.8
support_gap_sweep,4,0,energy_rerank_unguided,1,0,0,0.00205,0.24296,0.13029,0.01860,2.45919,0.45199,0.00505,upper,upper,0.1000,0,0.1000,success,support frequency sweep upper=0.10,0.8
support_gap_sweep,4,0,energy_guided_diffusion,1,0,0,0.00307,0.23954,0.13174,0.06003,2.46811,0.52322,0.00693,upper,upper,0.1000,0,0.1000,success,support frequency sweep upper=0.10,0.8
support_gap_sweep,4,0,strong_guided_diffusion,1,0,0,0.00387,0.24350,0.12856,0.01719,2.45464,0.45056,0.00493,upper,upper,0.1000,0,0.1000,success,support frequency sweep upper=0.10,0.8
support_gap_sweep,4,0,cem_trajectory_optimizer,1,0,0,0.00865,0.26482,0.13603,0.02007,2.48651,0.46406,0.01192,upper,upper,0.1000,0,0.1000,success,support frequency sweep upper=0.10,0.8
support_gap_sweep,4,0,grid_oracle,1,0,0,0.00054,0.24311,0.13154,0.01094,2.45633,0.44927,0.00720,upper,upper,0.1000,0,0.1000,success,support frequency sweep upper=0.10,0.8
support_gap_sweep,4,1,energy_rerank_unguided,1,0,0,0.00298,0.31344,0.12351,0.01505,2.38001,0.43633,0.00572,upper,upper,0.1000,0,0.1000,success,support frequency sweep upper=0.10,0.8
support_gap_sweep,4,1,energy_guided_diffusion,1,0,0,0.00326,0.31004,0.12495,0.06275,2.39310,0.52422,0.00796,upper,upper,0.1000,0,0.1000,success,support frequency sweep upper=0.10,0.8
support_gap_sweep,4,1,strong_guided_diffusion,1,0,0,0.00365,0.31381,0.12490,0.01381,2.37604,0.43506,0.00576,upper,upper,0.1000,0,0.1000,success,support frequency sweep upper=0.10,0.8
support_gap_sweep,4,1,cem_trajectory_optimizer,1,0,0,0.00337,0.32286,0.12387,0.02750,2.40412,0.44558,0.00932,upper,upper,0.1000,0,0.1000,success,support frequency sweep upper=0.10,0.8
support_gap_sweep,4,1,grid_oracle,1,0,0,0.00088,0.31103,0.12492,0.01049,2.37972,0.43406,0.00595,upper,upper,0.1000,0,0.1000,success,support frequency sweep upper=0.10,0.8
support_gap_sweep,5,0,energy_rerank_unguided,1,0,0,0.00390,0.23871,0.12421,0.01218,2.37636,0.43550,0.00590,upper,upper,0.1000,0,0.1000,success,support frequency sweep upper=0.10,0.8
support_gap_sweep,5,0,energy_guided_diffusion,1,0,0,0.00302,0.22643,0.12558,0.07352,2.41145,0.56737,0.00893,upper,upper,0.1000,0,0.1000,success,support frequency sweep upper=0.10,0.8
support_gap_sweep,5,0,strong_guided_diffusion,0,0,1,0.00283,0.00433,0.22006,0.15339,2.87917,1.01049,0.09408,lower,upper,0.9000,0,0.1000,dynamic_violation,support frequency sweep upper=0.10,0.8
support_gap_sweep,5,0,cem_trajectory_optimizer,1,0,0,0.00457,0.23253,0.12485,0.03116,2.39110,0.45139,0.01249,upper,upper,0.1000,0,0.1000,success,support frequency sweep upper=0.10,0.8
support_gap_sweep,5,0,grid_oracle,1,0,0,0.00031,0.24081,0.12571,0.01096,2.38062,0.43427,0.00651,upper,upper,0.1000,0,0.1000,success,support frequency sweep upper=0.10,0.8
support_gap_sweep,5,1,energy_rerank_unguided,0,1,0,0.00040,-0.24071,0.12886,0.01355,2.40950,4.72779,0.00386,lower,upper,0.9000,0,0.1000,collision_or_blocked_prior_mode,support frequency sweep upper=0.10,0.8
support_gap_sweep,5,1,energy_guided_diffusion,1,0,0,0.00373,0.25878,0.12816,0.03363,2.42874,0.48228,0.00668,upper,upper,0.1000,0,0.1000,success,support frequency sweep upper=0.10,0.8
support_gap_sweep,5,1,strong_guided_diffusion,0,0,1,0.00403,0.01642,0.20500,0.13229,2.73283,0.82789,0.06746,lower,upper,0.9000,0,0.1000,dynamic_violation,support frequency sweep upper=0.10,0.8
support_gap_sweep,5,1,cem_trajectory_optimizer,1,0,0,0.00944,0.27060,0.12786,0.03123,2.42715,0.45826,0.01316,upper,upper,0.1000,0,0.1000,success,support frequency sweep upper=0.10,0.8
support_gap_sweep,5,1,grid_oracle,1,0,0,0.00068,0.26633,0.13123,0.01191,2.42834,0.44379,0.00687,upper,upper,0.1000,0,0.1000,success,support frequency sweep upper=0.10,0.8
support_gap_sweep,6,0,energy_rerank_unguided,1,0,0,0.00059,0.28910,0.12567,0.02109,2.39366,0.44002,0.00513,upper,upper,0.1000,0,0.1000,success,support frequency sweep upper=0.10,0.8
support_gap_sweep,6,0,energy_guided_diffusion,1,0,0,0.00447,0.28018,0.12610,0.06074,2.41636,0.51985,0.00748,upper,upper,0.1000,0,0.1000,success,support frequency sweep upper=0.10,0.8
support_gap_sweep,6,0,strong_guided_diffusion,0,0,1,0.00336,0.00829,0.20500,0.13462,2.86206,0.93279,0.09266,lower,upper,0.9000,0,0.1000,dynamic_violation,support frequency sweep upper=0.10,0.8
support_gap_sweep,6,0,cem_trajectory_optimizer,1,0,0,0.00589,0.30060,0.12610,0.01849,2.38977,0.44307,0.00948,upper,upper,0.1000,0,0.1000,success,support frequency sweep upper=0.10,0.8
support_gap_sweep,6,0,grid_oracle,1,0,0,0.00123,0.29897,0.12632,0.01038,2.39636,0.43736,0.00631,upper,upper,0.1000,0,0.1000,success,support frequency sweep upper=0.10,0.8
support_gap_sweep,6,1,energy_rerank_unguided,0,1,0,0.00010,-0.26360,0.12637,0.01422,2.41594,5.42849,0.00436,lower,upper,0.9000,0,0.1000,collision_or_blocked_prior_mode,support frequency sweep upper=0.10,0.8
support_gap_sweep,6,1,energy_guided_diffusion,1,0,0,0.00369,0.23677,0.12531,0.04405,2.42573,0.48856,0.00544,upper,upper,0.1000,0,0.1000,success,support frequency sweep upper=0.10,0.8
support_gap_sweep,6,1,strong_guided_diffusion,1,0,0,0.00283,0.24436,0.12557,0.01617,2.41226,0.44256,0.00404,upper,upper,0.1000,0,0.1000,success,support frequency sweep upper=0.10,0.8
support_gap_sweep,6,1,cem_trajectory_optimizer,1,0,0,0.00668,0.20026,0.13241,0.02219,2.42047,0.45733,0.01496,upper,upper,0.1000,0,0.1000,success,support frequency sweep upper=0.10,0.8
support_gap_sweep,6,1,grid_oracle,1,0,0,0.00056,0.24463,0.12527,0.01052,2.41279,0.44062,0.00470,upper,upper,0.1000,0,0.1000,success,support frequency sweep upper=0.10,0.8
support_gap_sweep,0,0,energy_rerank_unguided,0,1,0,0.00038,-0.25718,0.12755,0.01486,2.42139,5.32339,0.00421,lower,upper,1.0000,0,0.0000,collision_or_blocked_prior_mode,support frequency sweep upper=0.00,1.0
support_gap_sweep,0,0,energy_guided_diffusion,0,1,1,0.00548,-0.07388,0.29512,0.19386,2.64455,1.67375,0.05270,lower,upper,1.0000,0,0.0000,collision_shortcut_from_guidance,support frequency sweep upper=0.00,1.0
support_gap_sweep,0,0,strong_guided_diffusion,0,0,1,0.00299,0.01630,0.20500,0.12866,2.79083,0.86930,0.07514,lower,upper,1.0000,0,0.0000,dynamic_violation,support frequency sweep upper=0.00,1.0
support_gap_sweep,0,0,cem_trajectory_optimizer,1,0,0,0.00575,0.25989,0.12678,0.02494,2.42103,0.44987,0.61277,upper,upper,0.0000,1,0.0000,success,support frequency sweep upper=0.00,1.0
support_gap_sweep,0,0,grid_oracle,1,0,0,0.00080,0.25768,0.12670,0.01116,2.41469,0.44112,0.61021,upper,upper,0.0000,1,0.0000,success,support frequency sweep upper=0.00,1.0
support_gap_sweep,0,1,energy_rerank_unguided,0,1,0,0.00023,-0.27451,0.12783,0.01454,2.42076,5.84390,0.00416,lower,upper,1.0000,0,0.0000,collision_or_blocked_prior_mode,support frequency sweep upper=0.00,1.0
support_gap_sweep,0,1,energy_guided_diffusion,0,1,1,0.00387,-0.09750,0.28934,0.22187,2.70009,1.90822,0.05627,lower,upper,1.0000,0,0.0000,collision_shortcut_from_guidance,support frequency sweep upper=0.00,1.0
support_gap_sweep,0,1,strong_guided_diffusion,0,0,1,0.00293,0.01138,0.20500,0.12875,2.81672,0.88313,0.08287,lower,upper,1.0000,0,0.0000,dynamic_violation,support frequency sweep upper=0.00,1.0
support_gap_sweep,0,1,cem_trajectory_optimizer,1,0,0,0.00397,0.25988,0.12771,0.02043,2.42054,0.44706,0.60846,upper,upper,0.0000,1,0.0000,success,support frequency sweep upper=0.00,1.0
support_gap_sweep,0,1,grid_oracle,1,0,0,0.00060,0.26945,0.12736,0.01021,2.41112,0.44027,0.60618,upper,upper,0.0000,1,0.0000,success,support frequency sweep upper=0.00,1.0
support_gap_sweep,1,0,energy_rerank_unguided,0,1,0,0.00058,-0.19760,0.12595,0.01398,2.37335,3.45389,0.00457,lower,upper,1.0000,0,0.0000,collision_or_blocked_prior_mode,support frequency sweep upper=0.00,1.0
support_gap_sweep,1,0,energy_guided_diffusion,0,1,1,0.00284,-0.04090,0.20266,0.11489,2.53726,0.88009,0.04182,lower,upper,1.0000,0,0.0000,collision_shortcut_from_guidance,support frequency sweep upper=0.00,1.0
support_gap_sweep,1,0,strong_guided_diffusion,0,0,1,0.00388,0.01783,0.20500,0.13834,2.60936,0.74210,0.05244,lower,upper,1.0000,0,0.0000,dynamic_violation,support frequency sweep upper=0.00,1.0
support_gap_sweep,1,0,cem_trajectory_optimizer,1,0,0,0.00917,0.18571,0.13200,0.01885,2.44970,0.45590,0.60660,upper,upper,0.0000,1,0.0000,success,support frequency sweep upper=0.00,1.0
support_gap_sweep,1,0,grid_oracle,1,0,0,0.00136,0.19555,0.13441,0.01336,2.46524,0.45121,0.60974,upper,upper,0.0000,1,0.0000,success,support frequency sweep upper=0.00,1.0
support_gap_sweep,1,1,energy_rerank_unguided,0,1,0,0.00067,-0.22669,0.12696,0.01402,2.40565,4.10793,0.00407,lower,upper,1.0000,0,0.0000,collision_or_blocked_prior_mode,support frequency sweep upper=0.00,1.0
support_gap_sweep,1,1,energy_guided_diffusion,0,1,1,0.00282,-0.04012,0.26269,0.20348,2.62153,1.27747,0.04553,lower,upper,1.0000,0,0.0000,collision_shortcut_from_guidance,support frequency sweep upper=0.00,1.0
support_gap_sweep,1,1,strong_guided_diffusion,0,0,1,0.00298,0.01741,0.20500,0.13838,2.69653,0.82255,0.06144,lower,upper,1.0000,0,0.0000,dynamic_violation,support frequency sweep upper=0.00,1.0
support_gap_sweep,1,1,cem_trajectory_optimizer,1,0,0,0.00303,0.22923,0.12740,0.02954,2.43038,0.45610,0.60541,upper,upper,0.0000,1,0.0000,success,support frequency sweep upper=0.00,1.0
support_gap_sweep,1,1,grid_oracle,1,0,0,0.00094,0.24262,0.12977,0.01115,2.43023,0.44419,0.60724,upper,upper,0.0000,1,0.0000,success,support frequency sweep upper=0.00,1.0
support_gap_sweep,2,0,energy_rerank_unguided,0,1,0,0.00143,-0.27301,0.12778,0.01373,2.44018,5.43703,0.00458,lower,upper,1.0000,0,0.0000,collision_or_blocked_prior_mode,support frequency sweep upper=0.00,1.0
support_gap_sweep,2,0,energy_guided_diffusion,0,1,1,0.00424,-0.12126,0.32213,0.24904,2.70378,2.48357,0.05255,lower,upper,1.0000,0,0.0000,collision_shortcut_from_guidance,support frequency sweep upper=0.00,1.0
support_gap_sweep,2,0,strong_guided_diffusion,0,0,1,0.00264,0.00767,0.20500,0.13653,2.84962,0.92182,0.08914,lower,upper,1.0000,0,0.0000,dynamic_violation,support frequency sweep upper=0.00,1.0
support_gap_sweep,2,0,cem_trajectory_optimizer,1,0,0,0.00726,0.25093,0.12266,0.03253,2.41120,0.45604,0.61078,upper,upper,0.0000,1,0.0000,success,support frequency sweep upper=0.00,1.0
support_gap_sweep,2,0,grid_oracle,1,0,0,0.00092,0.24883,0.12404,0.01009,2.39188,0.43650,0.60922,upper,upper,0.0000,1,0.0000,success,support frequency sweep upper=0.00,1.0
support_gap_sweep,2,1,energy_rerank_unguided,0,1,0,0.00099,-0.26650,0.12895,0.01502,2.42116,5.34058,0.00449,lower,upper,1.0000,0,0.0000,collision_or_blocked_prior_mode,support frequency sweep upper=0.00,1.0
support_gap_sweep,2,1,energy_guided_diffusion,0,1,1,0.00551,-0.08339,0.29714,0.19065,2.64177,1.79202,0.05145,lower,upper,1.0000,0,0.0000,collision_shortcut_from_guidance,support frequency sweep upper=0.00,1.0
support_gap_sweep,2,1,strong_guided_diffusion,0,0,1,0.00342,0.00988,0.20500,0.13399,2.80308,0.89628,0.08143,lower,upper,1.0000,0,0.0000,dynamic_violation,support frequency sweep upper=0.00,1.0
support_gap_sweep,2,1,cem_trajectory_optimizer,1,0,0,0.00490,0.27172,0.12991,0.03375,2.42107,0.45211,0.60510,upper,upper,0.0000,1,0.0000,success,support frequency sweep upper=0.00,1.0
support_gap_sweep,2,1,grid_oracle,1,0,0,0.00049,0.28001,0.12818,0.01061,2.41577,0.44111,0.60767,upper,upper,0.0000,1,0.0000,success,support frequency sweep upper=0.00,1.0
support_gap_sweep,3,0,energy_rerank_unguided,0,1,0,0.00064,-0.27263,0.12691,0.01306,2.39726,6.21338,0.00364,lower,upper,1.0000,0,0.0000,collision_or_blocked_prior_mode,support frequency sweep upper=0.00,1.0
support_gap_sweep,3,0,energy_guided_diffusion,0,1,1,0.00350,-0.06396,0.27077,0.18895,2.63547,1.40747,0.05780,lower,upper,1.0000,0,0.0000,collision_shortcut_from_guidance,support frequency sweep upper=0.00,1.0
support_gap_sweep,3,0,strong_guided_diffusion,0,0,1,0.00345,0.01718,0.20500,0.11835,2.77784,0.83960,0.07933,lower,upper,1.0000,0,0.0000,dynamic_violation,support frequency sweep upper=0.00,1.0
support_gap_sweep,3,0,cem_trajectory_optimizer,1,0,0,0.00715,0.18811,0.12707,0.02122,2.43748,0.45180,0.61165,upper,upper,0.0000,1,0.0000,success,support frequency sweep upper=0.00,1.0
support_gap_sweep,3,0,grid_oracle,1,0,0,0.00082,0.18947,0.12935,0.01063,2.43744,0.44561,0.60883,upper,upper,0.0000,1,0.0000,success,support frequency sweep upper=0.00,1.0
support_gap_sweep,3,1,energy_rerank_unguided,0,1,0,0.00036,-0.24696,0.12794,0.01185,2.42632,4.58988,0.00406,lower,upper,1.0000,0,0.0000,collision_or_blocked_prior_mode,support frequency sweep upper=0.00,1.0
support_gap_sweep,3,1,energy_guided_diffusion,0,1,1,0.00395,-0.08064,0.31887,0.24646,2.64579,1.96356,0.04573,lower,upper,1.0000,0,0.0000,collision_shortcut_from_guidance,support frequency sweep upper=0.00,1.0
support_gap_sweep,3,1,strong_guided_diffusion,0,0,1,0.00315,0.01494,0.20500,0.14600,2.79064,0.92537,0.07421,lower,upper,1.0000,0,0.0000,dynamic_violation,support frequency sweep upper=0.00,1.0
support_gap_sweep,3,1,cem_trajectory_optimizer,1,0,0,0.01461,0.31230,0.13756,0.03136,2.44494,0.46873,0.61464,upper,upper,0.0000,1,0.0000,success,support frequency sweep upper=0.00,1.0
support_gap_sweep,3,1,grid_oracle,1,0,0,0.00109,0.29426,0.12529,0.00937,2.40369,0.43881,0.60854,upper,upper,0.0000,1,0.0000,success,support frequency sweep upper=0.00,1.0
support_gap_sweep,4,0,energy_rerank_unguided,0,1,0,0.00066,-0.27509,0.12711,0.01371,2.39651,6.45614,0.00386,lower,upper,1.0000,0,0.0000,collision_or_blocked_prior_mode,support frequency sweep upper=0.00,1.0
support_gap_sweep,4,0,energy_guided_diffusion,0,1,1,0.00317,-0.06656,0.25122,0.16546,2.68678,1.48321,0.05814,lower,upper,1.0000,0,0.0000,collision_shortcut_from_guidance,support frequency sweep upper=0.00,1.0
support_gap_sweep,4,0,strong_guided_diffusion,0,0,1,0.00334,0.01733,0.20500,0.11654,2.77602,0.82983,0.07821,lower,upper,1.0000,0,0.0000,dynamic_violation,support frequency sweep upper=0.00,1.0
support_gap_sweep,4,0,cem_trajectory_optimizer,1,0,0,0.00512,0.22788,0.13361,0.02053,2.44369,0.45476,0.60877,upper,upper,0.0000,1,0.0000,success,support frequency sweep upper=0.00,1.0
support_gap_sweep,4,0,grid_oracle,1,0,0,0.00086,0.22534,0.13087,0.01018,2.43861,0.44578,0.60861,upper,upper,0.0000,1,0.0000,success,support frequency sweep upper=0.00,1.0
support_gap_sweep,4,1,energy_rerank_unguided,0,1,0,0.00020,-0.25979,0.12894,0.01418,2.42401,5.21736,0.00489,lower,upper,1.0000,0,0.0000,collision_or_blocked_prior_mode,support frequency sweep upper=0.00,1.0
support_gap_sweep,4,1,energy_guided_diffusion,0,1,1,0.00490,-0.08677,0.27831,0.21741,2.71926,1.87890,0.05208,lower,upper,1.0000,0,0.0000,collision_shortcut_from_guidance,support frequency sweep upper=0.00,1.0
support_gap_sweep,4,1,strong_guided_diffusion,0,0,1,0.00355,0.01594,0.20500,0.14176,2.80168,0.90854,0.07722,lower,upper,1.0000,0,0.0000,dynamic_violation,support frequency sweep upper=0.00,1.0
support_gap_sweep,4,1,cem_trajectory_optimizer,1,0,0,0.00648,0.24326,0.12663,0.02111,2.40772,0.44702,0.61096,upper,upper,0.0000,1,0.0000,success,support frequency sweep upper=0.00,1.0
support_gap_sweep,4,1,grid_oracle,1,0,0,0.00059,0.25544,0.12789,0.01053,2.40706,0.43950,0.60760,upper,upper,0.0000,1,0.0000,success,support frequency sweep upper=0.00,1.0
support_gap_sweep,5,0,energy_rerank_unguided,0,1,0,0.00097,-0.24953,0.12465,0.01463,2.37908,5.50587,0.00393,lower,upper,1.0000,0,0.0000,collision_or_blocked_prior_mode,support frequency sweep upper=0.00,1.0
support_gap_sweep,5,0,energy_guided_diffusion,0,1,1,0.00462,-0.04810,0.25835,0.18271,2.67984,1.53176,0.05529,lower,upper,1.0000,0,0.0000,collision_shortcut_from_guidance,support frequency sweep upper=0.00,1.0
support_gap_sweep,5,0,strong_guided_diffusion,0,0,1,0.00344,0.01735,0.20500,0.12014,2.71058,0.81054,0.07023,lower,upper,1.0000,0,0.0000,dynamic_violation,support frequency sweep upper=0.00,1.0
support_gap_sweep,5,0,cem_trajectory_optimizer,1,0,0,0.00470,0.18046,0.13549,0.02118,2.46294,0.45904,0.60849,upper,upper,0.0000,1,0.0000,success,support frequency sweep upper=0.00,1.0
support_gap_sweep,5,0,grid_oracle,1,0,0,0.00083,0.18799,0.13179,0.01249,2.46044,0.45017,0.61023,upper,upper,0.0000,1,0.0000,success,support frequency sweep upper=0.00,1.0
support_gap_sweep,5,1,energy_rerank_unguided,0,1,0,0.00057,-0.24458,0.12721,0.01643,2.40802,4.49490,0.00488,lower,upper,1.0000,0,0.0000,collision_or_blocked_prior_mode,support frequency sweep upper=0.00,1.0
support_gap_sweep,5,1,energy_guided_diffusion,0,1,1,0.00484,-0.06693,0.27656,0.17205,2.59879,1.40055,0.04524,lower,upper,1.0000,0,0.0000,collision_shortcut_from_guidance,support frequency sweep upper=0.00,1.0
support_gap_sweep,5,1,strong_guided_diffusion,0,0,1,0.00255,0.01799,0.20500,0.13185,2.73917,0.79122,0.07273,lower,upper,1.0000,0,0.0000,dynamic_violation,support frequency sweep upper=0.00,1.0
support_gap_sweep,5,1,cem_trajectory_optimizer,1,0,0,0.00578,0.17519,0.12745,0.03139,2.43809,0.46524,0.60731,upper,upper,0.0000,1,0.0000,success,support frequency sweep upper=0.00,1.0
support_gap_sweep,5,1,grid_oracle,1,0,0,0.00084,0.20374,0.12819,0.01189,2.42412,0.44293,0.60764,upper,upper,0.0000,1,0.0000,success,support frequency sweep upper=0.00,1.0
support_gap_sweep,6,0,energy_rerank_unguided,0,1,0,0.00032,-0.24870,0.12839,0.01423,2.43205,4.60251,0.00476,lower,upper,1.0000,0,0.0000,collision_or_blocked_prior_mode,support frequency sweep upper=0.00,1.0
support_gap_sweep,6,0,energy_guided_diffusion,0,1,1,0.00634,-0.07578,0.32033,0.22174,2.60309,1.84495,0.04601,lower,upper,1.0000,0,0.0000,collision_shortcut_from_guidance,support frequency sweep upper=0.00,1.0
support_gap_sweep,6,0,strong_guided_diffusion,0,0,1,0.00320,0.01388,0.20500,0.13846,2.79292,0.92124,0.07344,lower,upper,1.0000,0,0.0000,dynamic_violation,support frequency sweep upper=0.00,1.0
support_gap_sweep,6,0,cem_trajectory_optimizer,1,0,0,0.00388,0.26770,0.12276,0.02348,2.41025,0.44951,0.61113,upper,upper,0.0000,1,0.0000,success,support frequency sweep upper=0.00,1.0
support_gap_sweep,6,0,grid_oracle,1,0,0,0.00039,0.25953,0.12649,0.01012,2.40280,0.43862,0.60926,upper,upper,0.0000,1,0.0000,success,support frequency sweep upper=0.00,1.0
support_gap_sweep,6,1,energy_rerank_unguided,0,1,0,0.00036,-0.28283,0.12838,0.01482,2.45322,6.03088,0.00462,lower,upper,1.0000,0,0.0000,collision_or_blocked_prior_mode,support frequency sweep upper=0.00,1.0
support_gap_sweep,6,1,energy_guided_diffusion,0,1,1,0.00432,-0.16862,0.25684,0.30727,2.76454,2.96472,0.05029,lower,upper,1.0000,0,0.0000,collision_shortcut_from_guidance,support frequency sweep upper=0.00,1.0
support_gap_sweep,6,1,strong_guided_diffusion,0,0,1,0.00279,0.00898,0.20500,0.13914,2.91798,0.99770,0.10234,lower,upper,1.0000,0,0.0000,dynamic_violation,support frequency sweep upper=0.00,1.0
support_gap_sweep,6,1,cem_trajectory_optimizer,1,0,0,0.00560,0.23993,0.12880,0.02641,2.37754,0.44522,0.60503,upper,upper,0.0000,1,0.0000,success,support frequency sweep upper=0.00,1.0
support_gap_sweep,6,1,grid_oracle,1,0,0,0.00069,0.26292,0.12328,0.01114,2.38159,0.43453,0.60963,upper,upper,0.0000,1,0.0000,success,support frequency sweep upper=0.00,1.0
